그룹,진료년도,성별,연령,진료인원
그룹1,2020,남자,0~4세,3297
그룹1,2020,남자,5-9세,113
그룹1,2020,남자,10-14세,127
그룹1,2020,남자,15-19세,210
그룹1,2020,남자,20-24세,269
그룹1,2020,남자,25-29세,349
그룹1,2020,남자,30-34세,407
그룹1,2020,남자,35-39세,596
그룹1,2020,남자,40-44세,912
그룹1,2020,남자,45-49세,1442
그룹1,2020,남자,50-54세,2233
그룹1,2020,남자,55-59세,2984
그룹1,2020,남자,60-64세,4046
그룹1,2020,남자,65-69세,4224
그룹1,2020,남자,70-74세,4651
그룹1,2020,남자,75-79세,5302
그룹1,2020,남자,80~84세,4591
그룹1,2020,남자,85세이상,3245
그룹1,2020,여자,0~4세,2402
그룹1,2020,여자,5-9세,104
그룹1,2020,여자,10-14세,87
그룹1,2020,여자,15-19세,146
그룹1,2020,여자,20-24세,170
그룹1,2020,여자,25-29세,241
그룹1,2020,여자,30-34세,283
그룹1,2020,여자,35-39세,393
그룹1,2020,여자,40-44세,502
그룹1,2020,여자,45-49세,782
그룹1,2020,여자,50-54세,999
그룹1,2020,여자,55-59세,1322
그룹1,2020,여자,60-64세,1824
그룹1,2020,여자,65-69세,2070
그룹1,2020,여자,70-74세,2594
그룹1,2020,여자,75-79세,3443
그룹1,2020,여자,80~84세,3661
그룹1,2020,여자,85세이상,3593
그룹1,2021,남자,0~4세,3316
그룹1,2021,남자,5-9세,128
그룹1,2021,남자,10-14세,133
그룹1,2021,남자,15-19세,213
그룹1,2021,남자,20-24세,278
그룹1,2021,남자,25-29세,375
그룹1,2021,남자,30-34세,420
그룹1,2021,남자,35-39세,593
그룹1,2021,남자,40-44세,989
그룹1,2021,남자,45-49세,1439
그룹1,2021,남자,50-54세,2311
그룹1,2021,남자,55-59세,3079
그룹1,2021,남자,60-64세,4421
그룹1,2021,남자,65-69세,4907
그룹1,2021,남자,70-74세,5073
그룹1,2021,남자,75-79세,5323
그룹1,2021,남자,80~84세,5117
그룹1,2021,남자,85세이상,3668
그룹1,2021,여자,0~4세,2339
그룹1,2021,여자,5-9세,99
그룹1,2021,여자,10-14세,101
그룹1,2021,여자,15-19세,109
그룹1,2021,여자,20-24세,213
그룹1,2021,여자,25-29세,234
그룹1,2021,여자,30-34세,307
그룹1,2021,여자,35-39세,379
그룹1,2021,여자,40-44세,552
그룹1,2021,여자,45-49세,762
그룹1,2021,여자,50-54세,1134
그룹1,2021,여자,55-59세,1421
그룹1,2021,여자,60-64세,1994
그룹1,2021,여자,65-69세,2414
그룹1,2021,여자,70-74세,2829
그룹1,2021,여자,75-79세,3567
그룹1,2021,여자,80~84세,4062
그룹1,2021,여자,85세이상,4064
그룹1,2022,남자,0~4세,3119
그룹1,2022,남자,5-9세,160
그룹1,2022,남자,10-14세,143
그룹1,2022,남자,15-19세,184
그룹1,2022,남자,20-24세,276
그룹1,2022,남자,25-29세,350
그룹1,2022,남자,30-34세,465
그룹1,2022,남자,35-39세,647
그룹1,2022,남자,40-44세,1022
그룹1,2022,남자,45-49세,1425
그룹1,2022,남자,50-54세,2366
그룹1,2022,남자,55-59세,3082
그룹1,2022,남자,60-64세,4623
그룹1,2022,남자,65-69세,5248
그룹1,2022,남자,70-74세,5548
그룹1,2022,남자,75-79세,5912
그룹1,2022,남자,80~84세,6031
그룹1,2022,남자,85세이상,4187
그룹1,2022,여자,0~4세,2360
그룹1,2022,여자,5-9세,102
그룹1,2022,여자,10-14세,132
그룹1,2022,여자,15-19세,137
그룹1,2022,여자,20-24세,181
그룹1,2022,여자,25-29세,248
그룹1,2022,여자,30-34세,313
그룹1,2022,여자,35-39세,390
그룹1,2022,여자,40-44세,563
그룹1,2022,여자,45-49세,834
그룹1,2022,여자,50-54세,1131
그룹1,2022,여자,55-59세,1378
그룹1,2022,여자,60-64세,2103
그룹1,2022,여자,65-69세,2569
그룹1,2022,여자,70-74세,3000
그룹1,2022,여자,75-79세,3684
그룹1,2022,여자,80~84세,4734
그룹1,2022,여자,85세이상,4624
그룹1,2023,남자,0~4세,3103
그룹1,2023,남자,5-9세,170
그룹1,2023,남자,10-14세,156
그룹1,2023,남자,15-19세,208
그룹1,2023,남자,20-24세,286
그룹1,2023,남자,25-29세,370
그룹1,2023,남자,30-34세,460
그룹1,2023,남자,35-39세,595
그룹1,2023,남자,40-44세,1018
그룹1,2023,남자,45-49세,1389
그룹1,2023,남자,50-54세,2338
그룹1,2023,남자,55-59세,2994
그룹1,2023,남자,60-64세,4477
그룹1,2023,남자,65-69세,5275
그룹1,2023,남자,70-74세,5367
그룹1,2023,남자,75-79세,5858
그룹1,2023,남자,80~84세,5985
그룹1,2023,남자,85세이상,4390
그룹1,2023,여자,0~4세,2205
그룹1,2023,여자,5-9세,151
그룹1,2023,여자,10-14세,133
그룹1,2023,여자,15-19세,164
그룹1,2023,여자,20-24세,220
그룹1,2023,여자,25-29세,268
그룹1,2023,여자,30-34세,339
그룹1,2023,여자,35-39세,403
그룹1,2023,여자,40-44세,627
그룹1,2023,여자,45-49세,791
그룹1,2023,여자,50-54세,1186
그룹1,2023,여자,55-59세,1488
그룹1,2023,여자,60-64세,2087
그룹1,2023,여자,65-69세,2519
그룹1,2023,여자,70-74세,2958
그룹1,2023,여자,75-79세,3691
그룹1,2023,여자,80~84세,4420
그룹1,2023,여자,85세이상,4566
그룹1,2024,남자,0~4세,3163
그룹1,2024,남자,5-9세,147
그룹1,2024,남자,10-14세,127
그룹1,2024,남자,15-19세,182
그룹1,2024,남자,20-24세,240
그룹1,2024,남자,25-29세,314
그룹1,2024,남자,30-34세,422
그룹1,2024,남자,35-39세,542
그룹1,2024,남자,40-44세,868
그룹1,2024,남자,45-49세,1205
그룹1,2024,남자,50-54세,1962
그룹1,2024,남자,55-59세,2828
그룹1,2024,남자,60-64세,3818
그룹1,2024,남자,65-69세,4569
그룹1,2024,남자,70-74세,4579
그룹1,2024,남자,75-79세,5265
그룹1,2024,남자,80~84세,4992
그룹1,2024,남자,85세이상,3975
그룹1,2024,여자,0~4세,2260
그룹1,2024,여자,5-9세,115
그룹1,2024,여자,10-14세,95
그룹1,2024,여자,15-19세,148
그룹1,2024,여자,20-24세,171
그룹1,2024,여자,25-29세,258
그룹1,2024,여자,30-34세,316
그룹1,2024,여자,35-39세,388
그룹1,2024,여자,40-44세,587
그룹1,2024,여자,45-49세,644
그룹1,2024,여자,50-54세,1067
그룹1,2024,여자,55-59세,1293
그룹1,2024,여자,60-64세,1725
그룹1,2024,여자,65-69세,2308
그룹1,2024,여자,70-74세,2528
그룹1,2024,여자,75-79세,3197
그룹1,2024,여자,80~84세,3774
그룹1,2024,여자,85세이상,4240
그룹2,2020,남자,0~4세,34
그룹2,2020,남자,5-9세,7
그룹2,2020,남자,10-14세,14
그룹2,2020,남자,15-19세,18
그룹2,2020,남자,20-24세,10
그룹2,2020,남자,25-29세,18
그룹2,2020,남자,30-34세,33
그룹2,2020,남자,35-39세,48
그룹2,2020,남자,40-44세,74
그룹2,2020,남자,45-49세,120
그룹2,2020,남자,50-54세,180
그룹2,2020,남자,55-59세,232
그룹2,2020,남자,60-64세,347
그룹2,2020,남자,65-69세,319
그룹2,2020,남자,70-74세,218
그룹2,2020,남자,75-79세,164
그룹2,2020,남자,80~84세,94
그룹2,2020,남자,85세이상,26
그룹2,2020,여자,0~4세,33
그룹2,2020,여자,5-9세,8
그룹2,2020,여자,10-14세,11
그룹2,2020,여자,15-19세,9
그룹2,2020,여자,20-24세,14
그룹2,2020,여자,25-29세,32
그룹2,2020,여자,30-34세,21
그룹2,2020,여자,35-39세,29
그룹2,2020,여자,40-44세,35
그룹2,2020,여자,45-49세,62
그룹2,2020,여자,50-54세,59
그룹2,2020,여자,55-59세,88
그룹2,2020,여자,60-64세,112
그룹2,2020,여자,65-69세,126
그룹2,2020,여자,70-74세,108
그룹2,2020,여자,75-79세,122
그룹2,2020,여자,80~84세,67
그룹2,2020,여자,85세이상,30
그룹2,2021,남자,0~4세,48
그룹2,2021,남자,5-9세,*
그룹2,2021,남자,10-14세,6
그룹2,2021,남자,15-19세,20
그룹2,2021,남자,20-24세,24
그룹2,2021,남자,25-29세,33
그룹2,2021,남자,30-34세,49
그룹2,2021,남자,35-39세,62
그룹2,2021,남자,40-44세,113
그룹2,2021,남자,45-49세,140
그룹2,2021,남자,50-54세,226
그룹2,2021,남자,55-59세,313
그룹2,2021,남자,60-64세,374
그룹2,2021,남자,65-69세,385
그룹2,2021,남자,70-74세,277
그룹2,2021,남자,75-79세,189
그룹2,2021,남자,80~84세,108
그룹2,2021,남자,85세이상,36
그룹2,2021,여자,0~4세,34
그룹2,2021,여자,5-9세,6
그룹2,2021,여자,10-14세,12
그룹2,2021,여자,15-19세,7
그룹2,2021,여자,20-24세,19
그룹2,2021,여자,25-29세,36
그룹2,2021,여자,30-34세,24
그룹2,2021,여자,35-39세,36
그룹2,2021,여자,40-44세,49
그룹2,2021,여자,45-49세,44
그룹2,2021,여자,50-54세,79
그룹2,2021,여자,55-59세,97
그룹2,2021,여자,60-64세,131
그룹2,2021,여자,65-69세,170
그룹2,2021,여자,70-74세,129
그룹2,2021,여자,75-79세,125
그룹2,2021,여자,80~84세,91
그룹2,2021,여자,85세이상,37
그룹2,2022,남자,0~4세,52
그룹2,2022,남자,5-9세,*
그룹2,2022,남자,10-14세,13
그룹2,2022,남자,15-19세,11
그룹2,2022,남자,20-24세,19
그룹2,2022,남자,25-29세,36
그룹2,2022,남자,30-34세,41
그룹2,2022,남자,35-39세,66
그룹2,2022,남자,40-44세,95
그룹2,2022,남자,45-49세,128
그룹2,2022,남자,50-54세,231
그룹2,2022,남자,55-59세,260
그룹2,2022,남자,60-64세,430
그룹2,2022,남자,65-69세,382
그룹2,2022,남자,70-74세,304
그룹2,2022,남자,75-79세,195
그룹2,2022,남자,80~84세,142
그룹2,2022,남자,85세이상,41
그룹2,2022,여자,0~4세,46
그룹2,2022,여자,5-9세,6
그룹2,2022,여자,10-14세,9
그룹2,2022,여자,15-19세,9
그룹2,2022,여자,20-24세,20
그룹2,2022,여자,25-29세,36
그룹2,2022,여자,30-34세,33
그룹2,2022,여자,35-39세,45
그룹2,2022,여자,40-44세,47
그룹2,2022,여자,45-49세,56
그룹2,2022,여자,50-54세,71
그룹2,2022,여자,55-59세,97
그룹2,2022,여자,60-64세,147
그룹2,2022,여자,65-69세,141
그룹2,2022,여자,70-74세,151
그룹2,2022,여자,75-79세,128
그룹2,2022,여자,80~84세,102
그룹2,2022,여자,85세이상,40
그룹2,2023,남자,0~4세,38
그룹2,2023,남자,5-9세,10
그룹2,2023,남자,10-14세,14
그룹2,2023,남자,15-19세,19
그룹2,2023,남자,20-24세,15
그룹2,2023,남자,25-29세,34
그룹2,2023,남자,30-34세,26
그룹2,2023,남자,35-39세,50
그룹2,2023,남자,40-44세,88
그룹2,2023,남자,45-49세,137
그룹2,2023,남자,50-54세,207
그룹2,2023,남자,55-59세,304
그룹2,2023,남자,60-64세,439
그룹2,2023,남자,65-69세,427
그룹2,2023,남자,70-74세,328
그룹2,2023,남자,75-79세,226
그룹2,2023,남자,80~84세,123
그룹2,2023,남자,85세이상,36
그룹2,2023,여자,0~4세,48
그룹2,2023,여자,5-9세,10
그룹2,2023,여자,10-14세,8
그룹2,2023,여자,15-19세,15
그룹2,2023,여자,20-24세,14
그룹2,2023,여자,25-29세,14
그룹2,2023,여자,30-34세,26
그룹2,2023,여자,35-39세,36
그룹2,2023,여자,40-44세,40
그룹2,2023,여자,45-49세,60
그룹2,2023,여자,50-54세,73
그룹2,2023,여자,55-59세,80
그룹2,2023,여자,60-64세,139
그룹2,2023,여자,65-69세,139
그룹2,2023,여자,70-74세,130
그룹2,2023,여자,75-79세,115
그룹2,2023,여자,80~84세,107
그룹2,2023,여자,85세이상,47
그룹2,2024,남자,0~4세,59
그룹2,2024,남자,5-9세,12
그룹2,2024,남자,10-14세,10
그룹2,2024,남자,15-19세,20
그룹2,2024,남자,20-24세,17
그룹2,2024,남자,25-29세,22
그룹2,2024,남자,30-34세,38
그룹2,2024,남자,35-39세,52
그룹2,2024,남자,40-44세,79
그룹2,2024,남자,45-49세,110
그룹2,2024,남자,50-54세,168
그룹2,2024,남자,55-59세,263
그룹2,2024,남자,60-64세,337
그룹2,2024,남자,65-69세,362
그룹2,2024,남자,70-74세,267
그룹2,2024,남자,75-79세,200
그룹2,2024,남자,80~84세,106
그룹2,2024,남자,85세이상,40
그룹2,2024,여자,0~4세,41
그룹2,2024,여자,5-9세,11
그룹2,2024,여자,10-14세,8
그룹2,2024,여자,15-19세,17
그룹2,2024,여자,20-24세,19
그룹2,2024,여자,25-29세,21
그룹2,2024,여자,30-34세,23
그룹2,2024,여자,35-39세,41
그룹2,2024,여자,40-44세,47
그룹2,2024,여자,45-49세,42
그룹2,2024,여자,50-54세,77
그룹2,2024,여자,55-59세,98
그룹2,2024,여자,60-64세,112
그룹2,2024,여자,65-69세,124
그룹2,2024,여자,70-74세,130
그룹2,2024,여자,75-79세,111
그룹2,2024,여자,80~84세,90
그룹2,2024,여자,85세이상,40
그룹3,2020,남자,0~4세,13261
그룹3,2020,남자,5-9세,18677
그룹3,2020,남자,10-14세,13944
그룹3,2020,남자,15-19세,15591
그룹3,2020,남자,20-24세,21424
그룹3,2020,남자,25-29세,21449
그룹3,2020,남자,30-34세,20206
그룹3,2020,남자,35-39세,25592
그룹3,2020,남자,40-44세,29584
그룹3,2020,남자,45-49세,35966
그룹3,2020,남자,50-54세,43216
그룹3,2020,남자,55-59세,52846
그룹3,2020,남자,60-64세,60675
그룹3,2020,남자,65-69세,50381
그룹3,2020,남자,70-74세,41377
그룹3,2020,남자,75-79세,30200
그룹3,2020,남자,80~84세,16953
그룹3,2020,남자,85세이상,7024
그룹3,2020,여자,0~4세,8499
그룹3,2020,여자,5-9세,13455
그룹3,2020,여자,10-14세,8208
그룹3,2020,여자,15-19세,7661
그룹3,2020,여자,20-24세,14648
그룹3,2020,여자,25-29세,22571
그룹3,2020,여자,30-34세,31984
그룹3,2020,여자,35-39세,43365
그룹3,2020,여자,40-44세,47862
그룹3,2020,여자,45-49세,55464
그룹3,2020,여자,50-54세,59163
그룹3,2020,여자,55-59세,60065
그룹3,2020,여자,60-64세,63944
그룹3,2020,여자,65-69세,51014
그룹3,2020,여자,70-74세,41741
그룹3,2020,여자,75-79세,34265
그룹3,2020,여자,80~84세,21905
그룹3,2020,여자,85세이상,12073
그룹3,2021,남자,0~4세,13012
그룹3,2021,남자,5-9세,18522
그룹3,2021,남자,10-14세,16057
그룹3,2021,남자,15-19세,16152
그룹3,2021,남자,20-24세,21232
그룹3,2021,남자,25-29세,22724
그룹3,2021,남자,30-34세,21944
그룹3,2021,남자,35-39세,25876
그룹3,2021,남자,40-44세,32160
그룹3,2021,남자,45-49세,36721
그룹3,2021,남자,50-54세,45577
그룹3,2021,남자,55-59세,53121
그룹3,2021,남자,60-64세,65909
그룹3,2021,남자,65-69세,57638
그룹3,2021,남자,70-74세,45150
그룹3,2021,남자,75-79세,32772
그룹3,2021,남자,80~84세,19457
그룹3,2021,남자,85세이상,8396
그룹3,2021,여자,0~4세,8221
그룹3,2021,여자,5-9세,13773
그룹3,2021,여자,10-14세,9398
그룹3,2021,여자,15-19세,8303
그룹3,2021,여자,20-24세,16439
그룹3,2021,여자,25-29세,27093
그룹3,2021,여자,30-34세,40411
그룹3,2021,여자,35-39세,49735
그룹3,2021,여자,40-44세,57985
그룹3,2021,여자,45-49세,61348
그룹3,2021,여자,50-54세,65982
그룹3,2021,여자,55-59세,61174
그룹3,2021,여자,60-64세,70926
그룹3,2021,여자,65-69세,59950
그룹3,2021,여자,70-74세,46859
그룹3,2021,여자,75-79세,36670
그룹3,2021,여자,80~84세,25131
그룹3,2021,여자,85세이상,14163
그룹3,2022,남자,0~4세,12534
그룹3,2022,남자,5-9세,18634
그룹3,2022,남자,10-14세,18459
그룹3,2022,남자,15-19세,19157
그룹3,2022,남자,20-24세,21395
그룹3,2022,남자,25-29세,24327
그룹3,2022,남자,30-34세,24927
그룹3,2022,남자,35-39세,26146
그룹3,2022,남자,40-44세,34327
그룹3,2022,남자,45-49세,37059
그룹3,2022,남자,50-54세,47342
그룹3,2022,남자,55-59세,52635
그룹3,2022,남자,60-64세,67591
그룹3,2022,남자,65-69세,61499
그룹3,2022,남자,70-74세,47753
그룹3,2022,남자,75-79세,35103
그룹3,2022,남자,80~84세,22215
그룹3,2022,남자,85세이상,9750
그룹3,2022,여자,0~4세,7763
그룹3,2022,여자,5-9세,13569
그룹3,2022,여자,10-14세,11058
그룹3,2022,여자,15-19세,10075
그룹3,2022,여자,20-24세,17878
그룹3,2022,여자,25-29세,31886
그룹3,2022,여자,30-34세,51170
그룹3,2022,여자,35-39세,57706
그룹3,2022,여자,40-44세,69436
그룹3,2022,여자,45-49세,71391
그룹3,2022,여자,50-54세,72184
그룹3,2022,여자,55-59세,62160
그룹3,2022,여자,60-64세,73046
그룹3,2022,여자,65-69세,62643
그룹3,2022,여자,70-74세,49589
그룹3,2022,여자,75-79세,37772
그룹3,2022,여자,80~84세,27995
그룹3,2022,여자,85세이상,15736
그룹3,2023,남자,0~4세,13036
그룹3,2023,남자,5-9세,20442
그룹3,2023,남자,10-14세,19646
그룹3,2023,남자,15-19세,19999
그룹3,2023,남자,20-24세,21025
그룹3,2023,남자,25-29세,24341
그룹3,2023,남자,30-34세,26796
그룹3,2023,남자,35-39세,26199
그룹3,2023,남자,40-44세,35547
그룹3,2023,남자,45-49세,36793
그룹3,2023,남자,50-54세,47646
그룹3,2023,남자,55-59세,54581
그룹3,2023,남자,60-64세,69076
그룹3,2023,남자,65-69세,67786
그룹3,2023,남자,70-74세,50300
그룹3,2023,남자,75-79세,38554
그룹3,2023,남자,80~84세,23719
그룹3,2023,남자,85세이상,10764
그룹3,2023,여자,0~4세,8005
그룹3,2023,여자,5-9세,14503
그룹3,2023,여자,10-14세,11042
그룹3,2023,여자,15-19세,10044
그룹3,2023,여자,20-24세,17115
그룹3,2023,여자,25-29세,30983
그룹3,2023,여자,30-34세,51852
그룹3,2023,여자,35-39세,57069
그룹3,2023,여자,40-44세,72883
그룹3,2023,여자,45-49세,71221
그룹3,2023,여자,50-54세,73388
그룹3,2023,여자,55-59세,65676
그룹3,2023,여자,60-64세,74342
그룹3,2023,여자,65-69세,68840
그룹3,2023,여자,70-74세,51459
그룹3,2023,여자,75-79세,40864
그룹3,2023,여자,80~84세,29518
그룹3,2023,여자,85세이상,17496
그룹3,2024,남자,0~4세,12008
그룹3,2024,남자,5-9세,21568
그룹3,2024,남자,10-14세,20207
그룹3,2024,남자,15-19세,18322
그룹3,2024,남자,20-24세,17194
그룹3,2024,남자,25-29세,20774
그룹3,2024,남자,30-34세,24830
그룹3,2024,남자,35-39세,24389
그룹3,2024,남자,40-44세,31692
그룹3,2024,남자,45-49세,33580
그룹3,2024,남자,50-54세,43360
그룹3,2024,남자,55-59세,50206
그룹3,2024,남자,60-64세,62552
그룹3,2024,남자,65-69세,65108
그룹3,2024,남자,70-74세,48253
그룹3,2024,남자,75-79세,36597
그룹3,2024,남자,80~84세,21794
그룹3,2024,남자,85세이상,10474
그룹3,2024,여자,0~4세,7120
그룹3,2024,여자,5-9세,14304
그룹3,2024,여자,10-14세,11009
그룹3,2024,여자,15-19세,9128
그룹3,2024,여자,20-24세,14733
그룹3,2024,여자,25-29세,28872
그룹3,2024,여자,30-34세,53532
그룹3,2024,여자,35-39세,58828
그룹3,2024,여자,40-44세,69213
그룹3,2024,여자,45-49세,67353
그룹3,2024,여자,50-54세,67998
그룹3,2024,여자,55-59세,61414
그룹3,2024,여자,60-64세,66745
그룹3,2024,여자,65-69세,65688
그룹3,2024,여자,70-74세,48852
그룹3,2024,여자,75-79세,38778
그룹3,2024,여자,80~84세,26805
그룹3,2024,여자,85세이상,17026
그룹4,2020,남자,0~4세,14557
그룹4,2020,남자,5-9세,469
그룹4,2020,남자,10-14세,467
그룹4,2020,남자,15-19세,896
그룹4,2020,남자,20-24세,1240
그룹4,2020,남자,25-29세,1635
그룹4,2020,남자,30-34세,1822
그룹4,2020,남자,35-39세,3043
그룹4,2020,남자,40-44세,4657
그룹4,2020,남자,45-49세,7818
그룹4,2020,남자,50-54세,11701
그룹4,2020,남자,55-59세,15971
그룹4,2020,남자,60-64세,20171
그룹4,2020,남자,65-69세,19421
그룹4,2020,남자,70-74세,19853
그룹4,2020,남자,75-79세,20594
그룹4,2020,남자,80~84세,17668
그룹4,2020,남자,85세이상,13256
그룹4,2020,여자,0~4세,11591
그룹4,2020,여자,5-9세,401
그룹4,2020,여자,10-14세,404
그룹4,2020,여자,15-19세,706
그룹4,2020,여자,20-24세,1025
그룹4,2020,여자,25-29세,1218
그룹4,2020,여자,30-34세,1396
그룹4,2020,여자,35-39세,2090
그룹4,2020,여자,40-44세,2768
그룹4,2020,여자,45-49세,4216
그룹4,2020,여자,50-54세,5587
그룹4,2020,여자,55-59세,7136
그룹4,2020,여자,60-64세,9687
그룹4,2020,여자,65-69세,10445
그룹4,2020,여자,70-74세,12321
그룹4,2020,여자,75-79세,16355
그룹4,2020,여자,80~84세,18659
그룹4,2020,여자,85세이상,21615
그룹4,2021,남자,0~4세,15233
그룹4,2021,남자,5-9세,446
그룹4,2021,남자,10-14세,517
그룹4,2021,남자,15-19세,815
그룹4,2021,남자,20-24세,1179
그룹4,2021,남자,25-29세,1625
그룹4,2021,남자,30-34세,1907
그룹4,2021,남자,35-39세,2864
그룹4,2021,남자,40-44세,4676
그룹4,2021,남자,45-49세,7103
그룹4,2021,남자,50-54세,11156
그룹4,2021,남자,55-59세,14843
그룹4,2021,남자,60-64세,19992
그룹4,2021,남자,65-69세,20337
그룹4,2021,남자,70-74세,19774
그룹4,2021,남자,75-79세,19708
그룹4,2021,남자,80~84세,18108
그룹4,2021,남자,85세이상,13951
그룹4,2021,여자,0~4세,12035
그룹4,2021,여자,5-9세,369
그룹4,2021,여자,10-14세,384
그룹4,2021,여자,15-19세,682
그룹4,2021,여자,20-24세,1021
그룹4,2021,여자,25-29세,1223
그룹4,2021,여자,30-34세,1391
그룹4,2021,여자,35-39세,1979
그룹4,2021,여자,40-44세,2760
그룹4,2021,여자,45-49세,3773
그룹4,2021,여자,50-54세,5591
그룹4,2021,여자,55-59세,6795
그룹4,2021,여자,60-64세,9680
그룹4,2021,여자,65-69세,10940
그룹4,2021,여자,70-74세,12376
그룹4,2021,여자,75-79세,15839
그룹4,2021,여자,80~84세,19115
그룹4,2021,여자,85세이상,22818
그룹4,2022,남자,0~4세,15118
그룹4,2022,남자,5-9세,432
그룹4,2022,남자,10-14세,499
그룹4,2022,남자,15-19세,729
그룹4,2022,남자,20-24세,1092
그룹4,2022,남자,25-29세,1495
그룹4,2022,남자,30-34세,1918
그룹4,2022,남자,35-39세,2734
그룹4,2022,남자,40-44세,4671
그룹4,2022,남자,45-49세,6741
그룹4,2022,남자,50-54세,10873
그룹4,2022,남자,55-59세,13940
그룹4,2022,남자,60-64세,19842
그룹4,2022,남자,65-69세,20790
그룹4,2022,남자,70-74세,20493
그룹4,2022,남자,75-79세,20058
그룹4,2022,남자,80~84세,20253
그룹4,2022,남자,85세이상,16187
그룹4,2022,여자,0~4세,12016
그룹4,2022,여자,5-9세,329
그룹4,2022,여자,10-14세,430
그룹4,2022,여자,15-19세,695
그룹4,2022,여자,20-24세,863
그룹4,2022,여자,25-29세,1167
그룹4,2022,여자,30-34세,1440
그룹4,2022,여자,35-39세,1812
그룹4,2022,여자,40-44세,2724
그룹4,2022,여자,45-49세,3759
그룹4,2022,여자,50-54세,5512
그룹4,2022,여자,55-59세,6740
그룹4,2022,여자,60-64세,9867
그룹4,2022,여자,65-69세,11197
그룹4,2022,여자,70-74세,12848
그룹4,2022,여자,75-79세,15080
그룹4,2022,여자,80~84세,20711
그룹4,2022,여자,85세이상,26090
그룹4,2023,남자,0~4세,14885
그룹4,2023,남자,5-9세,501
그룹4,2023,남자,10-14세,529
그룹4,2023,남자,15-19세,773
그룹4,2023,남자,20-24세,1074
그룹4,2023,남자,25-29세,1567
그룹4,2023,남자,30-34세,2114
그룹4,2023,남자,35-39세,2808
그룹4,2023,남자,40-44세,4958
그룹4,2023,남자,45-49세,6789
그룹4,2023,남자,50-54세,11401
그룹4,2023,남자,55-59세,15226
그룹4,2023,남자,60-64세,21145
그룹4,2023,남자,65-69세,23393
그룹4,2023,남자,70-74세,22050
그룹4,2023,남자,75-79세,22684
그룹4,2023,남자,80~84세,22469
그룹4,2023,남자,85세이상,19154
그룹4,2023,여자,0~4세,12076
그룹4,2023,여자,5-9세,415
그룹4,2023,여자,10-14세,450
그룹4,2023,여자,15-19세,767
그룹4,2023,여자,20-24세,1009
그룹4,2023,여자,25-29세,1308
그룹4,2023,여자,30-34세,1568
그룹4,2023,여자,35-39세,1988
그룹4,2023,여자,40-44세,2958
그룹4,2023,여자,45-49세,3937
그룹4,2023,여자,50-54세,5926
그룹4,2023,여자,55-59세,7316
그룹4,2023,여자,60-64세,10190
그룹4,2023,여자,65-69세,12221
그룹4,2023,여자,70-74세,13503
그룹4,2023,여자,75-79세,16580
그룹4,2023,여자,80~84세,22493
그룹4,2023,여자,85세이상,29831
그룹4,2024,남자,0~4세,15884
그룹4,2024,남자,5-9세,461
그룹4,2024,남자,10-14세,508
그룹4,2024,남자,15-19세,817
그룹4,2024,남자,20-24세,976
그룹4,2024,남자,25-29세,1479
그룹4,2024,남자,30-34세,2131
그룹4,2024,남자,35-39세,2703
그룹4,2024,남자,40-44세,4760
그룹4,2024,남자,45-49세,6438
그룹4,2024,남자,50-54세,10906
그룹4,2024,남자,55-59세,14884
그룹4,2024,남자,60-64세,19975
그룹4,2024,남자,65-69세,23443
그룹4,2024,남자,70-74세,21923
그룹4,2024,남자,75-79세,22962
그룹4,2024,남자,80~84세,21800
그룹4,2024,남자,85세이상,20287
그룹4,2024,여자,0~4세,12854
그룹4,2024,여자,5-9세,343
그룹4,2024,여자,10-14세,420
그룹4,2024,여자,15-19세,738
그룹4,2024,여자,20-24세,893
그룹4,2024,여자,25-29세,1272
그룹4,2024,여자,30-34세,1637
그룹4,2024,여자,35-39세,1947
그룹4,2024,여자,40-44세,2868
그룹4,2024,여자,45-49세,3646
그룹4,2024,여자,50-54세,5482
그룹4,2024,여자,55-59세,7018
그룹4,2024,여자,60-64세,9598
그룹4,2024,여자,65-69세,12124
그룹4,2024,여자,70-74세,13247
그룹4,2024,여자,75-79세,16478
그룹4,2024,여자,80~84세,21612
그룹4,2024,여자,85세이상,31913
그룹5,2020,남자,0~4세,6927
그룹5,2020,남자,5-9세,6286
그룹5,2020,남자,10-14세,12895
그룹5,2020,남자,15-19세,21524
그룹5,2020,남자,20-24세,29553
그룹5,2020,남자,25-29세,40182
그룹5,2020,남자,30-34세,35351
그룹5,2020,남자,35-39세,38487
그룹5,2020,남자,40-44세,40162
그룹5,2020,남자,45-49세,45684
그룹5,2020,남자,50-54세,51674
그룹5,2020,남자,55-59세,57542
그룹5,2020,남자,60-64세,62081
그룹5,2020,남자,65-69세,49152
그룹5,2020,남자,70-74세,38755
그룹5,2020,남자,75-79세,28882
그룹5,2020,남자,80~84세,17961
그룹5,2020,남자,85세이상,9194
그룹5,2020,여자,0~4세,4973
그룹5,2020,여자,5-9세,6901
그룹5,2020,여자,10-14세,14004
그룹5,2020,여자,15-19세,22137
그룹5,2020,여자,20-24세,33871
그룹5,2020,여자,25-29세,43199
그룹5,2020,여자,30-34세,36425
그룹5,2020,여자,35-39세,36604
그룹5,2020,여자,40-44세,36679
그룹5,2020,여자,45-49세,43140
그룹5,2020,여자,50-54세,56121
그룹5,2020,여자,55-59세,66571
그룹5,2020,여자,60-64세,74690
그룹5,2020,여자,65-69세,62350
그룹5,2020,여자,70-74세,50293
그룹5,2020,여자,75-79세,41446
그룹5,2020,여자,80~84세,29705
그룹5,2020,여자,85세이상,19491
그룹5,2021,남자,0~4세,6592
그룹5,2021,남자,5-9세,7027
그룹5,2021,남자,10-14세,13799
그룹5,2021,남자,15-19세,22273
그룹5,2021,남자,20-24세,31233
그룹5,2021,남자,25-29세,42949
그룹5,2021,남자,30-34세,39529
그룹5,2021,남자,35-39세,39227
그룹5,2021,남자,40-44세,43084
그룹5,2021,남자,45-49세,45822
그룹5,2021,남자,50-54세,54049
그룹5,2021,남자,55-59세,57323
그룹5,2021,남자,60-64세,66469
그룹5,2021,남자,65-69세,54422
그룹5,2021,남자,70-74세,40228
그룹5,2021,남자,75-79세,29299
그룹5,2021,남자,80~84세,19637
그룹5,2021,남자,85세이상,10524
그룹5,2021,여자,0~4세,4990
그룹5,2021,여자,5-9세,7359
그룹5,2021,여자,10-14세,14950
그룹5,2021,여자,15-19세,22328
그룹5,2021,여자,20-24세,36370
그룹5,2021,여자,25-29세,47053
그룹5,2021,여자,30-34세,41605
그룹5,2021,여자,35-39세,38609
그룹5,2021,여자,40-44세,40932
그룹5,2021,여자,45-49세,44886
그룹5,2021,여자,50-54세,59954
그룹5,2021,여자,55-59세,66412
그룹5,2021,여자,60-64세,80156
그룹5,2021,여자,65-69세,70164
그룹5,2021,여자,70-74세,53170
그룹5,2021,여자,75-79세,41555
그룹5,2021,여자,80~84세,31180
그룹5,2021,여자,85세이상,21525
그룹5,2022,남자,0~4세,5465
그룹5,2022,남자,5-9세,6069
그룹5,2022,남자,10-14세,14112
그룹5,2022,남자,15-19세,23557
그룹5,2022,남자,20-24세,30757
그룹5,2022,남자,25-29세,43994
그룹5,2022,남자,30-34세,43201
그룹5,2022,남자,35-39세,38716
그룹5,2022,남자,40-44세,45136
그룹5,2022,남자,45-49세,45390
그룹5,2022,남자,50-54세,54338
그룹5,2022,남자,55-59세,55344
그룹5,2022,남자,60-64세,66281
그룹5,2022,남자,65-69세,56530
그룹5,2022,남자,70-74세,41517
그룹5,2022,남자,75-79세,30067
그룹5,2022,남자,80~84세,21551
그룹5,2022,남자,85세이상,11382
그룹5,2022,여자,0~4세,4180
그룹5,2022,여자,5-9세,6225
그룹5,2022,여자,10-14세,14445
그룹5,2022,여자,15-19세,22914
그룹5,2022,여자,20-24세,34804
그룹5,2022,여자,25-29세,47976
그룹5,2022,여자,30-34세,44783
그룹5,2022,여자,35-39세,38424
그룹5,2022,여자,40-44세,43391
그룹5,2022,여자,45-49세,45613
그룹5,2022,여자,50-54세,60737
그룹5,2022,여자,55-59세,65838
그룹5,2022,여자,60-64세,82609
그룹5,2022,여자,65-69세,73579
그룹5,2022,여자,70-74세,56151
그룹5,2022,여자,75-79세,41969
그룹5,2022,여자,80~84세,34302
그룹5,2022,여자,85세이상,22969
그룹5,2023,남자,0~4세,4658
그룹5,2023,남자,5-9세,5454
그룹5,2023,남자,10-14세,14110
그룹5,2023,남자,15-19세,25058
그룹5,2023,남자,20-24세,31681
그룹5,2023,남자,25-29세,46173
그룹5,2023,남자,30-34세,48196
그룹5,2023,남자,35-39세,40471
그룹5,2023,남자,40-44세,48351
그룹5,2023,남자,45-49세,46083
그룹5,2023,남자,50-54세,54855
그룹5,2023,남자,55-59세,57903
그룹5,2023,남자,60-64세,67209
그룹5,2023,남자,65-69세,61450
그룹5,2023,남자,70-74세,43935
그룹5,2023,남자,75-79세,32475
그룹5,2023,남자,80~84세,22808
그룹5,2023,남자,85세이상,12799
그룹5,2023,여자,0~4세,3393
그룹5,2023,여자,5-9세,5565
그룹5,2023,여자,10-14세,14376
그룹5,2023,여자,15-19세,23361
그룹5,2023,여자,20-24세,35031
그룹5,2023,여자,25-29세,50758
그룹5,2023,여자,30-34세,50733
그룹5,2023,여자,35-39세,41299
그룹5,2023,여자,40-44세,47496
그룹5,2023,여자,45-49세,46840
그룹5,2023,여자,50-54세,63460
그룹5,2023,여자,55-59세,69427
그룹5,2023,여자,60-64세,83618
그룹5,2023,여자,65-69세,80112
그룹5,2023,여자,70-74세,58839
그룹5,2023,여자,75-79세,44996
그룹5,2023,여자,80~84세,36325
그룹5,2023,여자,85세이상,25617
그룹5,2024,남자,0~4세,3608
그룹5,2024,남자,5-9세,5052
그룹5,2024,남자,10-14세,14385
그룹5,2024,남자,15-19세,25852
그룹5,2024,남자,20-24세,31976
그룹5,2024,남자,25-29세,46152
그룹5,2024,남자,30-34세,51889
그룹5,2024,남자,35-39세,42668
그룹5,2024,남자,40-44세,48665
그룹5,2024,남자,45-49세,47634
그룹5,2024,남자,50-54세,56412
그룹5,2024,남자,55-59세,59563
그룹5,2024,남자,60-64세,67177
그룹5,2024,남자,65-69세,64903
그룹5,2024,남자,70-74세,45840
그룹5,2024,남자,75-79세,33977
그룹5,2024,남자,80~84세,22731
그룹5,2024,남자,85세이상,13521
그룹5,2024,여자,0~4세,2687
그룹5,2024,여자,5-9세,5077
그룹5,2024,여자,10-14세,14740
그룹5,2024,여자,15-19세,24189
그룹5,2024,여자,20-24세,34571
그룹5,2024,여자,25-29세,52109
그룹5,2024,여자,30-34세,54111
그룹5,2024,여자,35-39세,43140
그룹5,2024,여자,40-44세,48256
그룹5,2024,여자,45-49세,48839
그룹5,2024,여자,50-54세,64976
그룹5,2024,여자,55-59세,73169
그룹5,2024,여자,60-64세,84749
그룹5,2024,여자,65-69세,88269
그룹5,2024,여자,70-74세,64151
그룹5,2024,여자,75-79세,48931
그룹5,2024,여자,80~84세,37011
그룹5,2024,여자,85세이상,28351
그룹6,2020,남자,0~4세,19754
그룹6,2020,남자,5-9세,12830
그룹6,2020,남자,10-14세,15310
그룹6,2020,남자,15-19세,6838
그룹6,2020,남자,20-24세,5032
그룹6,2020,남자,25-29세,6396
그룹6,2020,남자,30-34세,5191
그룹6,2020,남자,35-39세,5705
그룹6,2020,남자,40-44세,6011
그룹6,2020,남자,45-49세,6687
그룹6,2020,남자,50-54세,6771
그룹6,2020,남자,55-59세,7062
그룹6,2020,남자,60-64세,6782
그룹6,2020,남자,65-69세,4766
그룹6,2020,남자,70-74세,3637
그룹6,2020,남자,75-79세,2847
그룹6,2020,남자,80~84세,2063
그룹6,2020,남자,85세이상,1318
그룹6,2020,여자,0~4세,20595
그룹6,2020,여자,5-9세,9915
그룹6,2020,여자,10-14세,5693
그룹6,2020,여자,15-19세,1982
그룹6,2020,여자,20-24세,2231
그룹6,2020,여자,25-29세,2663
그룹6,2020,여자,30-34세,2780
그룹6,2020,여자,35-39세,3713
그룹6,2020,여자,40-44세,3868
그룹6,2020,여자,45-49세,4809
그룹6,2020,여자,50-54세,8177
그룹6,2020,여자,55-59세,12044
그룹6,2020,여자,60-64세,13107
그룹6,2020,여자,65-69세,10313
그룹6,2020,여자,70-74세,8985
그룹6,2020,여자,75-79세,8642
그룹6,2020,여자,80~84세,7093
그룹6,2020,여자,85세이상,5995
그룹6,2021,남자,0~4세,18145
그룹6,2021,남자,5-9세,13499
그룹6,2021,남자,10-14세,21590
그룹6,2021,남자,15-19세,9344
그룹6,2021,남자,20-24세,5017
그룹6,2021,남자,25-29세,6090
그룹6,2021,남자,30-34세,5319
그룹6,2021,남자,35-39세,5623
그룹6,2021,남자,40-44세,6278
그룹6,2021,남자,45-49세,6246
그룹6,2021,남자,50-54세,6921
그룹6,2021,남자,55-59세,7097
그룹6,2021,남자,60-64세,7315
그룹6,2021,남자,65-69세,5327
그룹6,2021,남자,70-74세,3668
그룹6,2021,남자,75-79세,2871
그룹6,2021,남자,80~84세,2191
그룹6,2021,남자,85세이상,1457
그룹6,2021,여자,0~4세,18495
그룹6,2021,여자,5-9세,10330
그룹6,2021,여자,10-14세,8032
그룹6,2021,여자,15-19세,2769
그룹6,2021,여자,20-24세,2406
그룹6,2021,여자,25-29세,3037
그룹6,2021,여자,30-34세,3048
그룹6,2021,여자,35-39세,3596
그룹6,2021,여자,40-44세,4277
그룹6,2021,여자,45-49세,4897
그룹6,2021,여자,50-54세,8581
그룹6,2021,여자,55-59세,12430
그룹6,2021,여자,60-64세,14420
그룹6,2021,여자,65-69세,12068
그룹6,2021,여자,70-74세,9663
그룹6,2021,여자,75-79세,8843
그룹6,2021,여자,80~84세,7726
그룹6,2021,여자,85세이상,6734
그룹6,2022,남자,0~4세,15634
그룹6,2022,남자,5-9세,13887
그룹6,2022,남자,10-14세,28473
그룹6,2022,남자,15-19세,13491
그룹6,2022,남자,20-24세,5952
그룹6,2022,남자,25-29세,7397
그룹6,2022,남자,30-34세,6976
그룹6,2022,남자,35-39세,6449
그룹6,2022,남자,40-44세,7368
그룹6,2022,남자,45-49세,7136
그룹6,2022,남자,50-54세,7683
그룹6,2022,남자,55-59세,7348
그룹6,2022,남자,60-64세,7812
그룹6,2022,남자,65-69세,5912
그룹6,2022,남자,70-74세,4093
그룹6,2022,남자,75-79세,3051
그룹6,2022,남자,80~84세,2655
그룹6,2022,남자,85세이상,1721
그룹6,2022,여자,0~4세,16752
그룹6,2022,여자,5-9세,9913
그룹6,2022,여자,10-14세,10641
그룹6,2022,여자,15-19세,4171
그룹6,2022,여자,20-24세,2970
그룹6,2022,여자,25-29세,3862
그룹6,2022,여자,30-34세,3851
그룹6,2022,여자,35-39세,4178
그룹6,2022,여자,40-44세,5233
그룹6,2022,여자,45-49세,5668
그룹6,2022,여자,50-54세,9956
그룹6,2022,여자,55-59세,13604
그룹6,2022,여자,60-64세,16453
그룹6,2022,여자,65-69세,13923
그룹6,2022,여자,70-74세,11396
그룹6,2022,여자,75-79세,9929
그룹6,2022,여자,80~84세,9034
그룹6,2022,여자,85세이상,7738
그룹6,2023,남자,0~4세,13326
그룹6,2023,남자,5-9세,13371
그룹6,2023,남자,10-14세,32796
그룹6,2023,남자,15-19세,15448
그룹6,2023,남자,20-24세,6419
그룹6,2023,남자,25-29세,8086
그룹6,2023,남자,30-34세,8112
그룹6,2023,남자,35-39세,7223
그룹6,2023,남자,40-44세,8648
그룹6,2023,남자,45-49세,7546
그룹6,2023,남자,50-54세,8152
그룹6,2023,남자,55-59세,7885
그룹6,2023,남자,60-64세,8353
그룹6,2023,남자,65-69세,6991
그룹6,2023,남자,70-74세,4624
그룹6,2023,남자,75-79세,3606
그룹6,2023,남자,80~84세,2968
그룹6,2023,남자,85세이상,2007
그룹6,2023,여자,0~4세,14513
그룹6,2023,여자,5-9세,9340
그룹6,2023,여자,10-14세,11939
그룹6,2023,여자,15-19세,4924
그룹6,2023,여자,20-24세,3198
그룹6,2023,여자,25-29세,4548
그룹6,2023,여자,30-34세,4773
그룹6,2023,여자,35-39세,4891
그룹6,2023,여자,40-44세,6261
그룹6,2023,여자,45-49세,6332
그룹6,2023,여자,50-54세,11093
그룹6,2023,여자,55-59세,15224
그룹6,2023,여자,60-64세,17863
그룹6,2023,여자,65-69세,15477
그룹6,2023,여자,70-74세,12284
그룹6,2023,여자,75-79세,10725
그룹6,2023,여자,80~84세,10107
그룹6,2023,여자,85세이상,8781
그룹6,2024,남자,0~4세,12920
그룹6,2024,남자,5-9세,13744
그룹6,2024,남자,10-14세,34911
그룹6,2024,남자,15-19세,15525
그룹6,2024,남자,20-24세,6660
그룹6,2024,남자,25-29세,8811
그룹6,2024,남자,30-34세,9526
그룹6,2024,남자,35-39세,8441
그룹6,2024,남자,40-44세,9494
그룹6,2024,남자,45-49세,8496
그룹6,2024,남자,50-54세,8943
그룹6,2024,남자,55-59세,8724
그룹6,2024,남자,60-64세,9009
그룹6,2024,남자,65-69세,7957
그룹6,2024,남자,70-74세,5285
그룹6,2024,남자,75-79세,4208
그룹6,2024,남자,80~84세,3325
그룹6,2024,남자,85세이상,2460
그룹6,2024,여자,0~4세,14221
그룹6,2024,여자,5-9세,9998
그룹6,2024,여자,10-14세,13927
그룹6,2024,여자,15-19세,5442
그룹6,2024,여자,20-24세,3427
그룹6,2024,여자,25-29세,5319
그룹6,2024,여자,30-34세,5905
그룹6,2024,여자,35-39세,6036
그룹6,2024,여자,40-44세,7357
그룹6,2024,여자,45-49세,7593
그룹6,2024,여자,50-54세,12593
그룹6,2024,여자,55-59세,17198
그룹6,2024,여자,60-64세,19618
그룹6,2024,여자,65-69세,18837
그룹6,2024,여자,70-74세,13767
그룹6,2024,여자,75-79세,12362
그룹6,2024,여자,80~84세,10994
그룹6,2024,여자,85세이상,10261
그룹7,2020,남자,0~4세,17601
그룹7,2020,남자,5-9세,11743
그룹7,2020,남자,10-14세,3362
그룹7,2020,남자,15-19세,3637
그룹7,2020,남자,20-24세,5636
그룹7,2020,남자,25-29세,6537
그룹7,2020,남자,30-34세,5276
그룹7,2020,남자,35-39세,5631
그룹7,2020,남자,40-44세,6220
그룹7,2020,남자,45-49세,7639
그룹7,2020,남자,50-54세,8858
그룹7,2020,남자,55-59세,9703
그룹7,2020,남자,60-64세,9630
그룹7,2020,남자,65-69세,6858
그룹7,2020,남자,70-74세,5183
그룹7,2020,남자,75-79세,4354
그룹7,2020,남자,80~84세,3466
그룹7,2020,남자,85세이상,2473
그룹7,2020,여자,0~4세,8806
그룹7,2020,여자,5-9세,5852
그룹7,2020,여자,10-14세,1287
그룹7,2020,여자,15-19세,1208
그룹7,2020,여자,20-24세,2340
그룹7,2020,여자,25-29세,2515
그룹7,2020,여자,30-34세,1988
그룹7,2020,여자,35-39세,2447
그룹7,2020,여자,40-44세,2665
그룹7,2020,여자,45-49세,3018
그룹7,2020,여자,50-54세,3342
그룹7,2020,여자,55-59세,3106
그룹7,2020,여자,60-64세,2961
그룹7,2020,여자,65-69세,2386
그룹7,2020,여자,70-74세,2330
그룹7,2020,여자,75-79세,2639
그룹7,2020,여자,80~84세,2717
그룹7,2020,여자,85세이상,3237
그룹7,2021,남자,0~4세,15197
그룹7,2021,남자,5-9세,11545
그룹7,2021,남자,10-14세,4010
그룹7,2021,남자,15-19세,3842
그룹7,2021,남자,20-24세,5242
그룹7,2021,남자,25-29세,6207
그룹7,2021,남자,30-34세,5132
그룹7,2021,남자,35-39세,4922
그룹7,2021,남자,40-44세,5855
그룹7,2021,남자,45-49세,6457
그룹7,2021,남자,50-54세,8215
그룹7,2021,남자,55-59세,8844
그룹7,2021,남자,60-64세,9179
그룹7,2021,남자,65-69세,6991
그룹7,2021,남자,70-74세,5001
그룹7,2021,남자,75-79세,4206
그룹7,2021,남자,80~84세,3468
그룹7,2021,남자,85세이상,2594
그룹7,2021,여자,0~4세,7602
그룹7,2021,여자,5-9세,5558
그룹7,2021,여자,10-14세,1403
그룹7,2021,여자,15-19세,1210
그룹7,2021,여자,20-24세,2217
그룹7,2021,여자,25-29세,2459
그룹7,2021,여자,30-34세,2081
그룹7,2021,여자,35-39세,2186
그룹7,2021,여자,40-44세,2441
그룹7,2021,여자,45-49세,2703
그룹7,2021,여자,50-54세,3160
그룹7,2021,여자,55-59세,2830
그룹7,2021,여자,60-64세,2918
그룹7,2021,여자,65-69세,2523
그룹7,2021,여자,70-74세,2141
그룹7,2021,여자,75-79세,2508
그룹7,2021,여자,80~84세,2821
그룹7,2021,여자,85세이상,3303
그룹7,2022,남자,0~4세,11522
그룹7,2022,남자,5-9세,9555
그룹7,2022,남자,10-14세,4870
그룹7,2022,남자,15-19세,4524
그룹7,2022,남자,20-24세,5216
그룹7,2022,남자,25-29세,5962
그룹7,2022,남자,30-34세,5304
그룹7,2022,남자,35-39세,4686
그룹7,2022,남자,40-44세,5550
그룹7,2022,남자,45-49세,6017
그룹7,2022,남자,50-54세,7861
그룹7,2022,남자,55-59세,8373
그룹7,2022,남자,60-64세,9209
그룹7,2022,남자,65-69세,7419
그룹7,2022,남자,70-74세,5463
그룹7,2022,남자,75-79세,4302
그룹7,2022,남자,80~84세,3966
그룹7,2022,남자,85세이상,3118
그룹7,2022,여자,0~4세,5808
그룹7,2022,여자,5-9세,4445
그룹7,2022,여자,10-14세,1589
그룹7,2022,여자,15-19세,1269
그룹7,2022,여자,20-24세,2041
그룹7,2022,여자,25-29세,2433
그룹7,2022,여자,30-34세,2029
그룹7,2022,여자,35-39세,1897
그룹7,2022,여자,40-44세,2409
그룹7,2022,여자,45-49세,2495
그룹7,2022,여자,50-54세,3135
그룹7,2022,여자,55-59세,2646
그룹7,2022,여자,60-64세,3015
그룹7,2022,여자,65-69세,2642
그룹7,2022,여자,70-74세,2366
그룹7,2022,여자,75-79세,2533
그룹7,2022,여자,80~84세,3115
그룹7,2022,여자,85세이상,3810
그룹7,2023,남자,0~4세,10358
그룹7,2023,남자,5-9세,8871
그룹7,2023,남자,10-14세,5016
그룹7,2023,남자,15-19세,4868
그룹7,2023,남자,20-24세,4719
그룹7,2023,남자,25-29세,5689
그룹7,2023,남자,30-34세,5349
그룹7,2023,남자,35-39세,4277
그룹7,2023,남자,40-44세,5528
그룹7,2023,남자,45-49세,5458
그룹7,2023,남자,50-54세,7215
그룹7,2023,남자,55-59세,8094
그룹7,2023,남자,60-64세,9145
그룹7,2023,남자,65-69세,7809
그룹7,2023,남자,70-74세,5398
그룹7,2023,남자,75-79세,4596
그룹7,2023,남자,80~84세,4307
그룹7,2023,남자,85세이상,3536
그룹7,2023,여자,0~4세,5147
그룹7,2023,여자,5-9세,4072
그룹7,2023,여자,10-14세,1578
그룹7,2023,여자,15-19세,1315
그룹7,2023,여자,20-24세,1824
그룹7,2023,여자,25-29세,2339
그룹7,2023,여자,30-34세,2091
그룹7,2023,여자,35-39세,1936
그룹7,2023,여자,40-44세,2413
그룹7,2023,여자,45-49세,2455
그룹7,2023,여자,50-54세,3097
그룹7,2023,여자,55-59세,2779
그룹7,2023,여자,60-64세,2926
그룹7,2023,여자,65-69세,2772
그룹7,2023,여자,70-74세,2571
그룹7,2023,여자,75-79세,2794
그룹7,2023,여자,80~84세,3420
그룹7,2023,여자,85세이상,4331
그룹7,2024,남자,0~4세,7334
그룹7,2024,남자,5-9세,6676
그룹7,2024,남자,10-14세,4647
그룹7,2024,남자,15-19세,4089
그룹7,2024,남자,20-24세,3617
그룹7,2024,남자,25-29세,4525
그룹7,2024,남자,30-34세,4624
그룹7,2024,남자,35-39세,3573
그룹7,2024,남자,40-44세,4267
그룹7,2024,남자,45-49세,4466
그룹7,2024,남자,50-54세,5943
그룹7,2024,남자,55-59세,6697
그룹7,2024,남자,60-64세,7933
그룹7,2024,남자,65-69세,7223
그룹7,2024,남자,70-74세,5216
그룹7,2024,남자,75-79세,4449
그룹7,2024,남자,80~84세,3982
그룹7,2024,남자,85세이상,3702
그룹7,2024,여자,0~4세,3705
그룹7,2024,여자,5-9세,2965
그룹7,2024,여자,10-14세,1347
그룹7,2024,여자,15-19세,1008
그룹7,2024,여자,20-24세,1323
그룹7,2024,여자,25-29세,1822
그룹7,2024,여자,30-34세,1710
그룹7,2024,여자,35-39세,1484
그룹7,2024,여자,40-44세,1830
그룹7,2024,여자,45-49세,2028
그룹7,2024,여자,50-54세,2581
그룹7,2024,여자,55-59세,2421
그룹7,2024,여자,60-64세,2559
그룹7,2024,여자,65-69세,2682
그룹7,2024,여자,70-74세,2394
그룹7,2024,여자,75-79세,2709
그룹7,2024,여자,80~84세,3105
그룹7,2024,여자,85세이상,4359
그룹8,2020,남자,0~4세,9609
그룹8,2020,남자,5-9세,13472
그룹8,2020,남자,10-14세,11505
그룹8,2020,남자,15-19세,12834
그룹8,2020,남자,20-24세,25338
그룹8,2020,남자,25-29세,36102
그룹8,2020,남자,30-34세,30421
그룹8,2020,남자,35-39세,34227
그룹8,2020,남자,40-44세,35044
그룹8,2020,남자,45-49세,39282
그룹8,2020,남자,50-54세,43511
그룹8,2020,남자,55-59세,46214
그룹8,2020,남자,60-64세,45019
그룹8,2020,남자,65-69세,31028
그룹8,2020,남자,70-74세,21460
그룹8,2020,남자,75-79세,15422
그룹8,2020,남자,80~84세,10175
그룹8,2020,남자,85세이상,6253
그룹8,2020,여자,0~4세,5146
그룹8,2020,여자,5-9세,6660
그룹8,2020,여자,10-14세,4902
그룹8,2020,여자,15-19세,6304
그룹8,2020,여자,20-24세,15143
그룹8,2020,여자,25-29세,18118
그룹8,2020,여자,30-34세,16651
그룹8,2020,여자,35-39세,18791
그룹8,2020,여자,40-44세,19692
그룹8,2020,여자,45-49세,22782
그룹8,2020,여자,50-54세,25663
그룹8,2020,여자,55-59세,25752
그룹8,2020,여자,60-64세,24470
그룹8,2020,여자,65-69세,18001
그룹8,2020,여자,70-74세,13577
그룹8,2020,여자,75-79세,12208
그룹8,2020,여자,80~84세,10207
그룹8,2020,여자,85세이상,9143
그룹8,2021,남자,0~4세,7976
그룹8,2021,남자,5-9세,12991
그룹8,2021,남자,10-14세,13244
그룹8,2021,남자,15-19세,12470
그룹8,2021,남자,20-24세,24608
그룹8,2021,남자,25-29세,35300
그룹8,2021,남자,30-34세,30340
그룹8,2021,남자,35-39세,31254
그룹8,2021,남자,40-44세,34193
그룹8,2021,남자,45-49세,36059
그룹8,2021,남자,50-54세,42148
그룹8,2021,남자,55-59세,43682
그룹8,2021,남자,60-64세,46264
그룹8,2021,남자,65-69세,32605
그룹8,2021,남자,70-74세,21849
그룹8,2021,남자,75-79세,15431
그룹8,2021,남자,80~84세,10773
그룹8,2021,남자,85세이상,7025
그룹8,2021,여자,0~4세,4208
그룹8,2021,여자,5-9세,6059
그룹8,2021,여자,10-14세,5459
그룹8,2021,여자,15-19세,6427
그룹8,2021,여자,20-24세,15228
그룹8,2021,여자,25-29세,18217
그룹8,2021,여자,30-34세,17080
그룹8,2021,여자,35-39세,17500
그룹8,2021,여자,40-44세,19726
그룹8,2021,여자,45-49세,21224
그룹8,2021,여자,50-54세,25507
그룹8,2021,여자,55-59세,24498
그룹8,2021,여자,60-64세,25405
그룹8,2021,여자,65-69세,19200
그룹8,2021,여자,70-74세,13922
그룹8,2021,여자,75-79세,12278
그룹8,2021,여자,80~84세,10678
그룹8,2021,여자,85세이상,10019
그룹8,2022,남자,0~4세,6304
그룹8,2022,남자,5-9세,11396
그룹8,2022,남자,10-14세,14366
그룹8,2022,남자,15-19세,12677
그룹8,2022,남자,20-24세,21608
그룹8,2022,남자,25-29세,31260
그룹8,2022,남자,30-34세,28137
그룹8,2022,남자,35-39세,25549
그룹8,2022,남자,40-44세,29784
그룹8,2022,남자,45-49세,29495
그룹8,2022,남자,50-54세,36078
그룹8,2022,남자,55-59세,36391
그룹8,2022,남자,60-64세,40014
그룹8,2022,남자,65-69세,29803
그룹8,2022,남자,70-74세,19966
그룹8,2022,남자,75-79세,13646
그룹8,2022,남자,80~84세,10520
그룹8,2022,남자,85세이상,6989
그룹8,2022,여자,0~4세,3456
그룹8,2022,여자,5-9세,5397
그룹8,2022,여자,10-14세,5987
그룹8,2022,여자,15-19세,6655
그룹8,2022,여자,20-24세,13352
그룹8,2022,여자,25-29세,16610
그룹8,2022,여자,30-34세,15859
그룹8,2022,여자,35-39세,15261
그룹8,2022,여자,40-44세,18089
그룹8,2022,여자,45-49세,18549
그룹8,2022,여자,50-54세,22436
그룹8,2022,여자,55-59세,21682
그룹8,2022,여자,60-64세,23271
그룹8,2022,여자,65-69세,18130
그룹8,2022,여자,70-74세,13288
그룹8,2022,여자,75-79세,10755
그룹8,2022,여자,80~84세,10433
그룹8,2022,여자,85세이상,9611
그룹8,2023,남자,0~4세,5605
그룹8,2023,남자,5-9세,10244
그룹8,2023,남자,10-14세,14051
그룹8,2023,남자,15-19세,12760
그룹8,2023,남자,20-24세,19771
그룹8,2023,남자,25-29세,29675
그룹8,2023,남자,30-34세,28677
그룹8,2023,남자,35-39세,24139
그룹8,2023,남자,40-44세,29290
그룹8,2023,남자,45-49세,27920
그룹8,2023,남자,50-54세,34623
그룹8,2023,남자,55-59세,36164
그룹8,2023,남자,60-64세,40022
그룹8,2023,남자,65-69세,32104
그룹8,2023,남자,70-74세,20947
그룹8,2023,남자,75-79세,15026
그룹8,2023,남자,80~84세,11328
그룹8,2023,남자,85세이상,7864
그룹8,2023,여자,0~4세,3130
그룹8,2023,여자,5-9세,4938
그룹8,2023,여자,10-14세,5749
그룹8,2023,여자,15-19세,6407
그룹8,2023,여자,20-24세,12140
그룹8,2023,여자,25-29세,15963
그룹8,2023,여자,30-34세,16287
그룹8,2023,여자,35-39세,14523
그룹8,2023,여자,40-44세,18261
그룹8,2023,여자,45-49세,17869
그룹8,2023,여자,50-54세,22036
그룹8,2023,여자,55-59세,22222
그룹8,2023,여자,60-64세,23608
그룹8,2023,여자,65-69세,19962
그룹8,2023,여자,70-74세,14072
그룹8,2023,여자,75-79세,11753
그룹8,2023,여자,80~84세,10982
그룹8,2023,여자,85세이상,10476
그룹8,2024,남자,0~4세,4794
그룹8,2024,남자,5-9세,9707
그룹8,2024,남자,10-14세,14488
그룹8,2024,남자,15-19세,12308
그룹8,2024,남자,20-24세,18091
그룹8,2024,남자,25-29세,27543
그룹8,2024,남자,30-34세,28848
그룹8,2024,남자,35-39세,23351
그룹8,2024,남자,40-44세,26868
그룹8,2024,남자,45-49세,26196
그룹8,2024,남자,50-54세,31934
그룹8,2024,남자,55-59세,34846
그룹8,2024,남자,60-64세,37606
그룹8,2024,남자,65-69세,32595
그룹8,2024,남자,70-74세,21618
그룹8,2024,남자,75-79세,15176
그룹8,2024,남자,80~84세,11155
그룹8,2024,남자,85세이상,8538
그룹8,2024,여자,0~4세,2696
그룹8,2024,여자,5-9세,4608
그룹8,2024,여자,10-14세,5558
그룹8,2024,여자,15-19세,6182
그룹8,2024,여자,20-24세,11248
그룹8,2024,여자,25-29세,15556
그룹8,2024,여자,30-34세,16367
그룹8,2024,여자,35-39세,14947
그룹8,2024,여자,40-44세,17761
그룹8,2024,여자,45-49세,17689
그룹8,2024,여자,50-54세,21271
그룹8,2024,여자,55-59세,22127
그룹8,2024,여자,60-64세,22932
그룹8,2024,여자,65-69세,20840
그룹8,2024,여자,70-74세,14589
그룹8,2024,여자,75-79세,12241
그룹8,2024,여자,80~84세,10825
그룹8,2024,여자,85세이상,11420
그룹9,2020,남자,0~4세,220839
그룹9,2020,남자,5-9세,356147
그룹9,2020,남자,10-14세,361379
그룹9,2020,남자,15-19세,393320
그룹9,2020,남자,20-24세,488583
그룹9,2020,남자,25-29세,620898
그룹9,2020,남자,30-34세,584246
그룹9,2020,남자,35-39세,684473
그룹9,2020,남자,40-44세,701933
그룹9,2020,남자,45-49세,753692
그룹9,2020,남자,50-54세,758329
그룹9,2020,남자,55-59세,758642
그룹9,2020,남자,60-64세,757595
그룹9,2020,남자,65-69세,586865
그룹9,2020,남자,70-74세,451271
그룹9,2020,남자,75-79세,337126
그룹9,2020,남자,80~84세,211715
그룹9,2020,남자,85세이상,104988
그룹9,2020,여자,0~4세,195500
그룹9,2020,여자,5-9세,314538
그룹9,2020,여자,10-14세,305738
그룹9,2020,여자,15-19세,381635
그룹9,2020,여자,20-24세,561739
그룹9,2020,여자,25-29세,669299
그룹9,2020,여자,30-34세,611755
그룹9,2020,여자,35-39세,727044
그룹9,2020,여자,40-44세,759545
그룹9,2020,여자,45-49세,892934
그룹9,2020,여자,50-54세,1027223
그룹9,2020,여자,55-59세,1051034
그룹9,2020,여자,60-64세,1046804
그룹9,2020,여자,65-69세,817263
그룹9,2020,여자,70-74세,637118
그룹9,2020,여자,75-79세,530865
그룹9,2020,여자,80~84세,377509
그룹9,2020,여자,85세이상,236759
그룹9,2021,남자,0~4세,182043
그룹9,2021,남자,5-9세,318549
그룹9,2021,남자,10-14세,385860
그룹9,2021,남자,15-19세,401034
그룹9,2021,남자,20-24세,460756
그룹9,2021,남자,25-29세,593851
그룹9,2021,남자,30-34세,572292
그룹9,2021,남자,35-39세,620306
그룹9,2021,남자,40-44세,686944
그룹9,2021,남자,45-49세,703081
그룹9,2021,남자,50-54세,755299
그룹9,2021,남자,55-59세,724675
그룹9,2021,남자,60-64세,768547
그룹9,2021,남자,65-69세,607736
그룹9,2021,남자,70-74세,439628
그룹9,2021,남자,75-79세,320999
그룹9,2021,남자,80~84세,214582
그룹9,2021,남자,85세이상,111208
그룹9,2021,여자,0~4세,161080
그룹9,2021,여자,5-9세,286456
그룹9,2021,여자,10-14세,326547
그룹9,2021,여자,15-19세,382984
그룹9,2021,여자,20-24세,533815
그룹9,2021,여자,25-29세,638226
그룹9,2021,여자,30-34세,598866
그룹9,2021,여자,35-39세,656561
그룹9,2021,여자,40-44세,751744
그룹9,2021,여자,45-49세,835759
그룹9,2021,여자,50-54세,1031921
그룹9,2021,여자,55-59세,990925
그룹9,2021,여자,60-64세,1077970
그룹9,2021,여자,65-69세,859673
그룹9,2021,여자,70-74세,633337
그룹9,2021,여자,75-79세,504428
그룹9,2021,여자,80~84세,379846
그룹9,2021,여자,85세이상,242638
그룹9,2022,남자,0~4세,210427
그룹9,2022,남자,5-9세,321317
그룹9,2022,남자,10-14세,427438
그룹9,2022,남자,15-19세,452419
그룹9,2022,남자,20-24세,464742
그룹9,2022,남자,25-29세,606986
그룹9,2022,남자,30-34세,618075
그룹9,2022,남자,35-39세,604562
그룹9,2022,남자,40-44세,711525
그룹9,2022,남자,45-49세,696007
그룹9,2022,남자,50-54세,771672
그룹9,2022,남자,55-59세,708045
그룹9,2022,남자,60-64세,772254
그룹9,2022,남자,65-69세,635598
그룹9,2022,남자,70-74세,461024
그룹9,2022,남자,75-79세,328571
그룹9,2022,남자,80~84세,239550
그룹9,2022,남자,85세이상,123695
그룹9,2022,여자,0~4세,189129
그룹9,2022,여자,5-9세,286532
그룹9,2022,여자,10-14세,357221
그룹9,2022,여자,15-19세,421357
그룹9,2022,여자,20-24세,511850
그룹9,2022,여자,25-29세,639811
그룹9,2022,여자,30-34세,625983
그룹9,2022,여자,35-39세,634321
그룹9,2022,여자,40-44세,773071
그룹9,2022,여자,45-49세,831419
그룹9,2022,여자,50-54세,1032891
그룹9,2022,여자,55-59세,982349
그룹9,2022,여자,60-64세,1090042
그룹9,2022,여자,65-69세,904324
그룹9,2022,여자,70-74세,666304
그룹9,2022,여자,75-79세,510772
그룹9,2022,여자,80~84세,418417
그룹9,2022,여자,85세이상,263125
그룹9,2023,남자,0~4세,257683
그룹9,2023,남자,5-9세,402332
그룹9,2023,남자,10-14세,500352
그룹9,2023,남자,15-19세,506893
그룹9,2023,남자,20-24세,494756
그룹9,2023,남자,25-29세,649504
그룹9,2023,남자,30-34세,693584
그룹9,2023,남자,35-39세,652528
그룹9,2023,남자,40-44세,780147
그룹9,2023,남자,45-49세,717601
그룹9,2023,남자,50-54세,802088
그룹9,2023,남자,55-59세,752554
그룹9,2023,남자,60-64세,800558
그룹9,2023,남자,65-69세,705684
그룹9,2023,남자,70-74세,490097
그룹9,2023,남자,75-79세,361931
그룹9,2023,남자,80~84세,254958
그룹9,2023,남자,85세이상,140127
그룹9,2023,여자,0~4세,232154
그룹9,2023,여자,5-9세,361972
그룹9,2023,여자,10-14세,421785
그룹9,2023,여자,15-19세,473159
그룹9,2023,여자,20-24세,544711
그룹9,2023,여자,25-29세,698114
그룹9,2023,여자,30-34세,717797
그룹9,2023,여자,35-39세,698613
그룹9,2023,여자,40-44세,866181
그룹9,2023,여자,45-49세,847340
그룹9,2023,여자,50-54세,1063944
그룹9,2023,여자,55-59세,1044851
그룹9,2023,여자,60-64세,1121999
그룹9,2023,여자,65-69세,990002
그룹9,2023,여자,70-74세,701490
그룹9,2023,여자,75-79세,545488
그룹9,2023,여자,80~84세,438838
그룹9,2023,여자,85세이상,292001
그룹9,2024,남자,0~4세,230979
그룹9,2024,남자,5-9세,400991
그룹9,2024,남자,10-14세,530090
그룹9,2024,남자,15-19세,518337
그룹9,2024,남자,20-24세,488061
그룹9,2024,남자,25-29세,648625
그룹9,2024,남자,30-34세,731114
그룹9,2024,남자,35-39세,674089
그룹9,2024,남자,40-44세,777867
그룹9,2024,남자,45-49세,732878
그룹9,2024,남자,50-54세,809270
그룹9,2024,남자,55-59세,776010
그룹9,2024,남자,60-64세,803079
그룹9,2024,남자,65-69세,752312
그룹9,2024,남자,70-74세,524467
그룹9,2024,남자,75-79세,386485
그룹9,2024,남자,80~84세,261185
그룹9,2024,남자,85세이상,156573
그룹9,2024,여자,0~4세,209212
그룹9,2024,여자,5-9세,363098
그룹9,2024,여자,10-14세,452018
그룹9,2024,여자,15-19세,480501
그룹9,2024,여자,20-24세,524896
그룹9,2024,여자,25-29세,696666
그룹9,2024,여자,30-34세,745332
그룹9,2024,여자,35-39세,709513
그룹9,2024,여자,40-44세,855881
그룹9,2024,여자,45-49세,859857
그룹9,2024,여자,50-54세,1056410
그룹9,2024,여자,55-59세,1070511
그룹9,2024,여자,60-64세,1115281
그룹9,2024,여자,65-69세,1055865
그룹9,2024,여자,70-74세,744011
그룹9,2024,여자,75-79세,573405
그룹9,2024,여자,80~84세,442064
그룹9,2024,여자,85세이상,319378
