id,income
11574,0.01
15847,0.02
17655,0.09
19790,0.97
31812,0.04
7548,0.14
13093,0.49
18332,0.2
28474,0.27
4213,0.0
23199,0.37
1426,0.12
14097,0.0
32363,0.81
25209,0.07
12195,0.03
29309,0.02
9644,0.02
5149,0.48
29963,0.36
28796,0.0
2822,0.95
2759,0.91
21754,0.07
30594,0.18
22000,0.36
2495,0.9
4544,0.37
16233,0.2
27634,0.34
21434,0.95
31094,0.93
3,0.4
24102,0.19
2861,0.99
20994,0.0
8749,0.37
19625,0.0
6114,0.88
10271,0.0
5418,0.01
8973,0.02
11868,0.42
27153,0.45
24105,0.49
30474,0.03
8079,0.34
678,0.75
19030,0.0
31251,0.34
26556,0.15
11885,0.0
22975,0.0
26882,0.04
12453,0.0
30338,0.0
7196,0.0
2310,0.99
10439,0.0
8000,0.66
20079,0.15
31383,0.24
17449,0.0
14177,0.19
18995,0.19
27079,0.96
6652,0.01
11447,0.0
4690,0.85
27679,0.67
27323,0.0
23117,0.0
22483,0.0
9791,0.0
6061,0.0
25894,0.02
20460,0.0
7148,0.18
12589,0.18
10589,0.16
7514,0.0
27183,0.37
11764,0.06
27766,0.34
21550,0.59
21762,0.47
13697,0.18
12057,0.34
8754,0.08
5098,0.18
625,0.83
2216,0.83
22281,0.0
18270,0.01
20788,0.31
28907,0.15
20807,0.01
19878,0.14
32236,0.03
17919,0.77
5759,0.0
31454,0.14
28544,0.59
27923,0.09
18958,0.0
8198,0.0
29544,0.08
25412,0.2
20790,0.48
694,0.85
16533,0.25
22683,1.0
32246,0.0
153,0.29
13901,0.17
27444,0.27
31554,0.0
30556,0.07
18580,0.01
10090,0.03
20252,0.0
1670,0.9
7055,0.05
23159,0.55
31499,0.25
4379,0.08
26289,0.08
6552,0.0
28526,0.59
25495,0.07
3834,0.01
9848,0.0
27044,0.61
28172,0.03
318,0.02
22959,0.61
13047,0.54
21457,0.0
16179,0.0
16168,0.33
29455,0.0
4655,0.06
17479,0.0
4087,0.0
6512,0.08
26667,0.0
628,0.96
5982,0.0
10266,0.28
389,0.92
24708,0.17
13612,0.47
11714,0.0
13992,0.18
21112,0.08
31572,0.0
2207,0.73
19554,0.0
30641,0.0
20354,0.0
24052,0.41
26266,0.69
2352,0.83
7069,0.13
32183,0.2
12154,0.0
9931,0.19
28992,0.05
798,0.77
21396,0.0
24534,0.13
13391,0.1
17859,0.02
12663,0.0
4777,0.14
30049,0.71
6546,0.3
2716,0.93
23998,0.79
5830,0.43
21116,0.29
20970,0.02
8711,0.03
15230,0.33
4843,0.21
1160,0.04
7756,0.05
27284,0.67
1938,0.94
13237,0.705
16025,0.23
22995,0.26
9690,0.77
13547,0.07
16442,0.0
27759,0.04
14690,0.01
13983,0.0
29748,0.04
13056,0.0
20165,0.0
3892,0.01
18396,0.53
16170,0.4
23183,0.12
17013,0.42
10322,0.01
11187,0.09
27601,0.3
32536,0.66
29346,0.0
4042,0.0
9595,0.04
6561,0.03
6532,0.08
3449,0.3
10776,0.16
29524,0.14
24808,0.0
13703,0.01
2961,0.18
23693,0.38
10833,0.32
6192,0.77
31413,0.59
17363,0.67
27438,0.0
17173,0.4
4776,0.01
4627,0.02
4082,0.0
32178,0.0
27755,0.0
17477,0.03
686,0.96
8720,0.01
5311,0.59
284,0.68
30902,0.0
5935,0.06
2128,0.85
4905,0.66
6457,0.0
326,0.01
22073,0.26
22056,0.04
11823,0.21
30370,0.0
29477,0.02
8424,0.47
28881,0.0
16935,0.89
2478,0.93
9382,0.01
29342,0.0
32446,0.03
7491,0.0
27003,0.01
24266,0.0
4656,0.11
8116,0.68
8737,0.59
7344,0.04
8451,0.08
11549,0.06
6178,0.55
15113,0.0
14187,0.34
4161,0.09
24996,0.0
1615,0.96
21518,0.34
6124,0.0
28833,0.0
23367,0.57
27810,0.0
9378,0.0
13396,0.01
14153,0.06
15315,0.0
22536,0.92
12397,0.0
10473,0.0
28412,0.01
9493,0.01
30455,0.0
32253,0.03
10691,0.43
11836,0.0
760,0.87
31304,0.22
23217,0.15
16281,0.47
9124,0.04
4608,0.0
14083,0.04
26576,0.14
21651,0.03
4229,0.13
14424,0.29
8625,0.04
6628,0.0
12107,0.02
13185,0.43
32387,0.01
29857,0.15
30182,0.15
25872,0.0
20045,0.0
12935,0.56
16909,0.06
8492,0.0
20851,0.0
31641,0.15
18826,0.0
14488,0.31
31624,0.0
25145,0.67
9874,0.27
789,0.75
4294,0.11
28181,0.1
12841,0.38
31461,0.46
27978,0.01
12075,0.3
32231,0.61
17836,0.57
11655,0.72
20028,0.06
8998,0.14
25238,0.12
11971,0.16
11047,0.55
6739,0.0
13499,0.3
510,0.79
25355,0.35
24354,0.65
22944,0.26
21787,0.89
5579,0.08
23817,0.12
25172,0.1
18535,0.01
20408,0.01
8066,0.06
13889,0.1
4653,0.09
14881,0.45
23364,0.22
21578,0.31
30604,0.03
67,0.93
29780,0.71
22708,0.19
22783,0.0
21944,0.3
208,0.09
8155,0.14
22695,0.41
13530,0.0
30096,0.97
516,0.7
10656,0.27
14269,0.0
15830,0.25
23107,0.0
4238,0.53
9396,0.76
6289,0.0
13728,0.12
31749,0.17
30681,0.85
12170,0.94
20007,0.17
4100,0.01
2137,0.92
27906,0.01
31114,0.12
30808,0.08
9108,0.71
30245,0.01
1976,0.99
29562,0.4
18641,0.02
13459,0.09
768,0.93
26090,0.2
23214,0.09
6307,0.07
21923,0.0
21614,0.14
9903,0.2
7857,0.0
23061,0.09
24309,0.01
6799,0.33
18251,0.01
4943,0.0
25581,0.86
27639,0.0
29568,0.51
31220,0.0
28713,0.0
1251,0.0
6070,0.06
1201,0.45
16955,0.0
32189,0.04
3451,0.5
3911,0.08
28891,0.09
25703,0.0
20213,0.94
25850,0.09
22384,0.06
21980,0.47
29160,0.17
29512,0.0
10875,0.04
23209,0.08
15496,0.02
17962,0.07
2585,0.99
3704,0.49
17182,0.05
28196,0.0
18803,0.04
8153,0.1
8339,0.35
19333,0.32
21003,0.93
1385,0.76
28587,0.01
14479,0.0
9348,0.04
10902,0.12
24038,0.16
28224,0.0
13650,0.08
32437,0.03
27275,0.05
31581,0.73
8639,0.01
7641,0.01
22010,0.19
24048,0.32
28169,0.05
15026,0.06
21718,0.0
22540,0.0
26598,0.0
21398,0.69
14585,0.12
18440,0.18
3473,0.31
5564,0.38
4952,0.01
25073,0.02
29684,0.39
23966,0.1
261,0.31
9906,0.0
25599,0.05
5722,0.01
14781,0.02
26433,0.0
21220,0.18
21702,0.41
13675,0.03
27551,0.03
32355,0.02
19617,0.4
185,0.49
958,0.99
15825,0.01
11469,0.36
13833,0.07
14762,0.0
16836,0.1
31462,0.0
27477,0.14
17795,0.94
22363,0.01
2499,0.9
22040,0.15
32267,0.28
22738,0.0
15475,0.0
9250,0.0
32354,0.05
23005,0.0
15022,0.03
26648,0.0
17922,0.23
29498,0.19
19204,0.32
12416,0.19
23197,0.04
26857,0.8
26095,0.0
29481,0.0
8916,0.35
13280,0.3
24596,0.13
55,0.5
2420,0.84
25576,0.03
6848,0.0
1901,0.93
25988,0.52
27075,0.06
1812,0.99
3689,0.5
6760,0.0
18352,0.0
5650,0.85
1776,0.76
14810,0.0
5626,0.41
24306,0.05
9820,0.01
10339,0.0
7628,0.0
4101,0.02
1465,0.04
24811,0.0
437,0.82
23455,0.46
28866,0.0
4440,0.25
14593,0.15
26353,0.02
3619,0.24
1647,0.99
6183,0.67
24326,0.83
23337,0.53
15195,0.18
31389,0.41
8910,0.08
19212,0.49
21665,0.14
663,0.89
9104,0.64
1091,0.0
7041,0.06
5260,0.05
7771,0.0
8579,0.0
8552,0.28
1653,0.78
22150,0.31
1014,0.04
1474,0.01
25404,0.99
26990,0.07
26530,0.17
24729,0.0
18132,0.16
29440,0.0
18106,0.05
19405,0.15
26327,0.0
19273,0.61
29264,0.05
11281,0.0
3378,0.35
9898,0.09
24945,0.02
26895,0.32
24008,0.0
19824,0.0
6326,0.38
12961,0.01
31380,0.02
21698,0.16
22214,0.0
17717,0.91
17663,0.37
26081,0.0
32395,0.07
3831,0.16
10490,0.93
29627,0.67
8382,0.03
21394,0.44
20665,0.02
847,1.0
31802,0.16
11194,0.09
23982,0.0
32303,0.0
15610,0.0
5949,0.1
2101,0.92
10831,0.16
484,0.89
10124,0.02
25780,0.0
25879,0.0
27277,0.0
7435,0.01
29777,0.42
12576,0.0
6964,0.72
21620,0.14
19509,0.11
19038,0.0
22974,0.0
32269,0.01
18461,0.79
18357,0.82
6319,0.07
29200,0.03
3746,0.46
5325,0.24
24687,0.13
4803,0.12
3117,0.54
27475,0.0
6334,0.2
15770,0.53
13532,0.01
21931,0.58
26949,0.81
6920,0.0
15232,0.01
24573,0.13
23,0.55
20283,0.0
17904,0.18
23568,0.16
32156,0.27
2098,1.0
16300,0.52
15467,0.07
30335,0.05
4014,0.03
4468,0.11
308,0.01
8543,0.7
5286,0.1
26236,0.51
14277,0.29
7458,0.1
6926,0.0
1751,0.91
17425,0.0
20245,0.01
5581,0.01
31551,0.77
1095,0.0
9041,0.02
8009,0.0
24805,0.0
19666,0.0
30341,0.0
14324,0.0
23904,0.86
21010,0.19
17890,0.26
30169,0.79
32299,0.57
12878,0.03
4565,0.0
18238,0.73
18620,0.14
17606,0.14
19321,0.1
25453,0.0
22554,0.03
849,0.89
12312,0.71
14680,0.92
5297,0.04
11476,0.0
6862,0.04
4316,0.08
9296,0.0
6482,0.04
15215,0.54
8277,0.41
9864,0.78
13955,0.01
17940,0.0
11078,0.26
12668,0.05
256,0.39
5763,0.7
28110,0.03
26472,0.58
32184,0.86
16463,0.0
26169,0.03
10372,0.01
20748,0.09
16280,0.06
14528,0.26
8765,0.08
23289,0.05
4187,0.0
9049,0.0
12918,0.95
14769,0.0
4337,0.05
18010,0.52
15082,0.0
32152,0.01
8429,0.89
19550,0.07
2062,0.91
9075,0.09
15166,0.22
1204,0.47
5921,0.85
17077,0.05
14480,0.02
31395,0.0
15648,0.02
32130,0.0
25280,0.0
9552,0.64
26742,0.01
882,0.66
31863,0.0
11737,0.0
7538,0.08
16809,0.09
25399,0.0
14040,0.91
22786,0.49
18176,0.01
31001,0.0
3154,0.25
28560,0.0
28543,0.0
23355,0.07
20113,0.01
7969,0.67
19477,0.42
6981,0.87
25257,0.0
10383,0.24
12344,0.39
2419,0.94
7915,0.06
12329,0.1
29166,0.91
4651,0.1
10885,0.0
14521,0.42
20749,0.57
11959,0.5
2999,0.28
17428,0.74
20179,0.0
19595,0.02
22289,0.49
31765,0.1
21043,0.0
4170,0.0
15203,0.05
9930,0.24
9751,0.02
1171,0.02
23286,0.12
1950,0.79
6560,0.23
7566,0.02
15027,0.0
25707,0.93
19933,0.0
26725,0.36
26608,0.31
30929,0.0
21320,0.0
25834,0.69
32179,0.74
28592,0.03
2442,0.96
26441,0.0
31607,0.03
13303,0.0
16424,0.0
10487,0.05
11875,0.03
28292,0.63
28354,0.02
9351,0.41
15571,0.01
7937,0.14
15061,0.01
18477,0.16
8234,0.63
28413,0.57
12374,0.02
26885,0.01
546,0.65
28270,0.0
34,0.38
25345,0.01
29064,0.98
20947,0.0
3759,0.05
6714,0.0
21487,0.04
6390,0.0
25646,0.0
9017,0.04
177,0.63
29028,0.02
17241,0.0
2681,0.97
2983,0.17
6594,0.0
2205,0.71
26425,0.0
727,0.89
10484,0.29
13245,0.39
20968,0.0
25258,0.09
20879,0.07
4307,0.07
2089,0.9
8654,0.13
9457,0.38
31044,0.01
30547,0.0
26523,0.63
8900,0.15
32530,0.0
27155,0.6
24406,0.24
21905,0.03
29270,0.42
12723,0.16
532,0.02
29899,0.64
11038,0.88
9548,0.03
8149,0.18
31242,0.01
26069,0.18
3884,0.0
28814,0.07
21660,0.16
6525,0.49
1062,0.08
18165,0.14
25648,0.09
24410,0.0
25984,0.39
16953,0.0
29134,0.0
18939,0.05
18817,0.1
28591,0.17
750,0.92
13188,0.39
10333,0.81
13485,0.0
280,0.4
26620,0.0
13430,0.13
31093,0.55
3393,0.27
6062,0.0
28820,0.21
24120,0.0
13429,0.01
9325,0.42
26461,0.0
20952,0.0
4153,0.0
1738,0.92
8374,0.15
10404,0.99
20531,0.14
20406,0.99
22660,0.29
30503,0.0
30423,0.2
27896,0.01
21192,0.31
18911,0.0
27338,0.06
13007,0.92
30750,0.61
8171,0.0
17373,0.06
9577,0.29
29624,0.0
23189,0.04
19892,0.02
8303,0.0
4891,0.63
23459,0.35
30936,1.0
17421,0.05
21595,0.0
20881,0.06
16006,0.0
21650,0.3
24711,0.77
11554,0.63
4444,0.0
12816,0.0
12988,0.58
6657,0.11
5539,0.08
14560,0.03
7128,0.0
26600,0.12
9073,0.05
6144,0.2
30051,0.0
23121,0.0
18119,0.51
21945,0.0
15163,0.19
9829,0.02
10607,0.03
12053,0.03
7904,0.1
25572,0.0
26520,0.52
14540,0.0
25352,0.46
26148,0.01
19956,0.0
21361,0.0
20503,0.14
19709,0.0
24549,0.17
11237,0.09
22857,0.05
22917,0.89
32079,0.47
20942,0.48
1052,0.6
31147,0.98
29259,0.31
28905,0.12
25036,0.97
20030,0.13
8150,0.17
9422,0.79
645,0.89
22539,0.0
22749,0.0
18336,0.07
21825,0.19
14862,0.62
11160,0.2
28200,0.01
24133,0.4
21922,0.2
8464,0.01
26975,0.0
29286,0.06
13941,0.0
29255,0.01
9901,0.0
20206,0.0
11546,0.45
15401,0.56
9364,0.02
14765,0.0
21551,0.47
30861,0.49
28385,0.99
29029,0.27
15085,0.45
16985,0.29
25008,0.98
28299,0.12
18149,0.03
18656,0.17
13066,0.58
16383,0.0
273,0.77
32290,0.91
11542,0.76
20436,0.02
4293,0.03
444,0.93
25254,0.42
18371,0.94
7805,0.0
6772,0.0
28207,0.26
15112,0.76
22874,0.06
31840,0.31
5261,0.01
1763,0.9
2280,0.85
26385,0.32
28535,0.33
20863,0.88
28825,0.79
6011,0.16
21310,0.0
30858,0.46
19382,0.0
16382,0.09
21886,0.12
26571,0.0
10442,0.36
5276,0.06
29537,0.62
11107,0.0
17498,0.0
9823,0.1
14873,0.01
28256,0.46
2879,0.94
31960,0.35
29441,0.02
25174,0.0
10633,0.25
6869,0.12
23699,0.01
24495,0.22
25888,0.03
22025,0.0
5657,0.0
9586,0.02
17786,0.48
9005,0.0
7333,0.0
4901,0.05
24629,0.01
12620,0.0
25722,0.64
1356,0.41
11866,0.04
7060,0.63
30329,0.01
30492,0.35
12233,0.03
20217,0.03
22606,0.0
24782,0.0
25332,0.0
25246,0.0
22013,0.12
22993,0.13
11711,0.0
3901,0.0
25588,0.24
19915,0.91
25141,0.49
24364,0.42
16244,0.0
7512,0.08
23845,0.74
12012,0.01
18021,0.0
27311,0.75
9797,0.02
11738,0.09
29118,0.2
9519,0.0
27499,0.77
18629,0.0
1754,0.9
23918,0.23
21827,0.21
22966,0.0
30856,0.13
25200,0.14
23365,0.86
5408,0.0
17699,0.0
26395,0.51
22285,0.29
2767,0.95
5975,0.0
18661,0.31
9014,0.58
5495,0.0
20407,0.0
12041,0.03
28359,0.03
23192,0.36
12686,0.19
7819,0.21
13881,0.58
14688,0.29
18543,0.0
21477,0.28
25996,0.02
6936,0.06
32274,0.0
15706,0.27
14761,0.93
12123,0.0
26260,0.37
25627,0.0
2161,0.86
32043,0.38
12910,0.62
500,0.79
29116,0.27
12023,0.0
2602,0.89
30476,0.12
12209,0.93
22299,0.0
24801,0.54
22505,0.09
24951,0.04
24370,0.12
6518,0.59
17678,0.0
11177,0.33
338,0.07
18601,0.05
32314,0.05
17571,0.0
15089,0.0
25544,0.0
5738,0.0
9655,0.03
24468,0.0
20427,0.59
6244,0.0
14895,0.04
31442,0.56
5302,0.04
8589,0.13
9101,0.02
296,0.28
1726,0.79
30991,0.2
12225,0.62
19048,0.45
25777,0.38
17494,0.42
6763,0.01
7467,0.31
8338,0.95
23353,0.05
14133,0.58
7626,0.45
21952,0.43
7949,0.11
13437,0.09
2859,0.86
7944,0.01
8260,0.14
8082,0.9
25725,0.0
17378,0.25
22487,0.0
25809,0.0
15966,0.23
26331,0.0
15223,0.16
26929,0.04
13756,0.05
25863,0.14
19209,0.01
20958,0.76
528,0.03
16389,0.4
22643,0.83
26561,0.07
9180,0.96
22288,0.0
27935,0.3
13177,0.09
13569,0.48
6966,0.03
2454,0.97
3041,0.96
17349,0.0
22922,0.31
15252,0.0
2933,0.26
15149,0.35
1554,0.83
17097,0.02
24148,0.59
23886,0.14
9262,0.72
7524,0.03
29889,0.59
21424,0.4
11394,0.0
31377,0.08
8189,0.47
6318,0.03
18310,0.01
24822,0.01
22,0.39
10140,0.0
28366,0.935
27299,0.0
6485,0.69
25318,0.01
16693,0.05
4035,0.11
24901,0.39
17734,0.02
23484,0.01
24002,0.1
7131,0.02
28585,0.0
2342,0.74
32319,0.03
11878,0.0
4892,0.0
474,0.97
13826,0.02
19397,0.68
2238,0.93
26880,0.0
6231,0.0
21132,0.0
5486,0.67
21414,0.0
18626,0.0
31797,0.57
22528,0.0
3092,0.89
15228,0.39
28217,0.0
7980,0.69
8388,0.32
22981,0.23
31724,0.02
21091,0.48
13024,0.59
28209,0.0
20131,0.52
29422,0.0
28295,0.07
12549,0.26
5776,0.0
21780,0.01
15816,0.0
4930,0.0
23528,0.03
17740,0.0
32080,0.12
21849,0.0
5412,0.04
7758,0.0
14338,0.02
30122,0.36
31837,0.02
22391,0.47
22153,0.09
4268,0.19
21591,0.0
11642,0.0
24323,0.31
6576,0.43
28425,0.07
30722,0.54
6139,0.0
21766,0.01
28435,0.52
29574,0.12
3872,0.03
1549,0.99
25761,0.0
18739,0.02
15403,0.61
13578,0.11
4947,0.08
9204,0.21
28929,0.0
23116,0.0
22996,0.05
20101,0.36
24089,0.0
23115,0.67
6819,0.02
11606,0.0
1368,0.02
149,0.58
24463,0.0
12279,0.26
8019,0.0
26816,0.59
13165,0.0
6901,0.0
29332,0.15
16552,0.24
5272,0.01
6647,0.22
25918,0.2
30663,0.73
405,0.91
13629,0.0
7136,0.0
26942,0.0
24460,0.0
17983,0.01
18503,0.28
30828,0.11
11216,0.03
9024,0.28
15177,0.07
8078,0.87
15066,0.0
6853,0.15
31278,0.99
1070,0.22
31771,0.02
25283,0.44
20884,0.61
31787,0.21
7582,0.19
5294,0.0
19409,0.23
22963,0.02
13001,0.0
29881,0.19
28829,0.41
2192,0.56
8113,0.66
9719,0.56
29244,0.03
13974,0.0
2044,0.91
24537,0.21
14266,0.66
17146,0.0
22071,0.01
7581,0.65
13860,0.0
25788,0.0
22651,0.0
2081,0.94
908,0.0
30560,0.0
23564,0.09
14678,0.0
27754,0.42
16895,0.5
28528,0.12
20631,0.07
16381,0.05
15731,0.03
4279,0.19
2776,0.82
32344,0.25
29555,0.52
26138,0.07
28113,0.08
28409,0.0
9633,0.09
13980,0.25
8626,0.46
2235,0.73
8238,0.0
15245,0.0
26501,0.07
16646,0.22
21803,0.0
5865,0.01
4070,0.06
27643,0.08
24740,0.03
4205,0.0
22988,0.59
30554,0.0
12830,0.26
2302,0.92
22202,0.48
18066,0.17
23795,0.03
4165,0.0
23126,0.09
30962,0.0
3489,0.05
6615,0.04
58,0.46
31774,0.0
29307,0.03
30680,0.45
5339,0.57
26388,0.82
28923,0.02
15291,0.0
596,0.92
27790,0.01
25430,0.0
19466,0.36
1405,0.46
10709,0.0
30771,0.0
27063,0.05
17065,0.0
16596,0.29
19701,0.11
7007,0.0
19377,0.62
27610,0.0
12695,0.0
12239,0.25
3894,0.18
19148,0.53
28969,0.12
31248,0.0
582,0.78
14117,0.0
29954,0.3
6346,0.0
1414,0.59
778,0.92
30027,0.0
29012,0.02
27747,0.01
12449,0.51
12940,0.06
30270,0.03
9074,0.37
7220,0.0
19131,0.0
8481,0.31
25060,0.13
28024,0.37
4494,0.34
26536,0.05
15489,0.08
3926,0.16
5902,0.15
3903,0.06
2323,0.72
25478,0.0
1486,0.03
16307,0.72
17686,0.0
21095,0.0
7054,0.95
5665,0.06
3652,0.09
25213,0.3
20860,0.68
7591,0.04
26923,0.96
17943,0.07
3952,0.14
10256,0.0
15188,0.0
5943,0.0
8789,0.0
30351,0.0
4121,0.01
9245,0.02
20857,0.0
9941,0.8
16951,0.0
8177,0.11
19374,0.12
18771,0.04
3632,0.26
23058,0.55
8297,0.02
2583,1.0
26046,0.05
25239,0.17
14804,0.55
27596,0.78
5612,0.07
12425,0.02
4508,0.33
1973,0.89
2220,0.68
6927,0.16
31568,0.02
10968,0.12
31761,0.01
25673,0.11
30446,0.05
30147,0.36
24194,0.9
30895,0.0
8704,0.0
31309,0.0
21191,0.03
971,0.73
30333,0.43
27933,0.37
27490,0.0
7871,0.03
20917,0.21
25111,0.17
15585,0.18
21969,0.49
10524,0.23
23032,0.07
17158,0.96
21965,0.0
28979,0.21
2513,0.94
21246,0.32
9717,0.15
9732,0.0
14104,0.0
20597,0.0
8340,0.14
18030,0.0
24884,0.06
22350,0.33
15236,0.77
7929,0.0
1168,0.13
27104,0.0
7096,0.0
11257,0.16
14930,0.14
30127,0.28
1674,0.98
8154,0.0
17062,0.11
9406,0.47
399,0.7
12773,0.0
18287,0.0
1816,0.91
14403,0.01
23009,0.72
21816,0.07
22843,0.1
9136,0.0
24177,0.0
17863,0.05
17603,0.22
19491,0.01
28225,0.0
31378,0.02
18633,0.01
5976,0.9
13506,0.37
1886,0.95
11273,0.0
12975,0.42
28759,0.03
24541,0.23
10773,0.25
20434,0.03
10637,0.04
9867,0.89
5166,0.06
26045,0.07
21628,0.63
12232,0.68
6385,0.0
19744,0.19
23177,0.0
7905,0.01
28549,0.0
9674,0.0
29364,0.26
26141,0.0
8298,0.01
4124,0.39
8705,0.3
32223,0.0
14298,0.0
28957,0.0
20500,0.03
25859,0.13
8810,0.05
17296,0.14
19264,0.02
18616,0.0
15240,0.0
6079,0.12
28120,0.37
20906,0.0
24743,0.29
111,0.77
27266,0.84
13517,0.83
19959,0.92
7999,0.0
32018,0.01
20997,0.11
31870,0.77
31654,0.85
5341,0.23
7427,0.22
1418,0.48
14577,0.95
27688,0.1
18920,0.56
18536,0.15
30581,0.27
26407,0.02
30002,0.48
23740,0.37
12081,0.02
29104,0.0
10639,0.0
9421,0.91
31892,0.93
11529,0.51
4313,0.01
7292,0.76
17098,0.26
26626,0.62
29685,0.38
18819,0.0
31099,0.64
4291,0.83
12434,0.01
739,0.69
30890,0.48
20935,0.0
30938,0.01
2962,0.22
22914,0.0
10089,0.36
11557,0.31
28688,0.41
15639,0.92
29261,0.01
32497,0.0
24853,0.3
12702,0.54
3780,0.07
7533,0.24
23227,0.04
12410,0.0
8415,0.34
7248,0.78
10683,0.0
15420,0.41
1498,0.06
29893,0.01
10926,0.2
15725,0.01
18785,0.48
5211,0.0
4904,0.91
6454,0.6
26036,0.27
3498,0.0
10492,0.49
24197,0.42
20392,0.0
946,0.88
13589,0.36
14421,0.24
6405,0.01
7118,0.02
22271,0.87
22314,0.05
1842,0.95
23219,0.18
22463,0.18
20864,0.0
30919,0.0
18415,0.44
30365,0.02
4095,0.06
282,0.2
10719,0.0
30710,0.4
6648,0.0
20853,0.26
17707,0.0
2296,0.71
4582,0.74
12783,0.2
21862,0.69
1448,0.1
1402,0.32
20655,0.03
22211,0.0
5346,0.1
25465,0.13
7958,0.1
12287,0.55
28421,0.09
4274,0.23
5053,0.07
14317,0.0
30848,0.06
1696,0.83
8227,0.87
12003,0.03
12603,0.25
81,0.96
26606,0.02
15834,0.04
874,0.91
31902,0.24
6391,0.71
6578,0.49
23354,0.0
24519,0.57
24439,0.68
10376,0.29
8390,0.0
900,0.15
8021,0.05
26015,0.2843333333333333
1137,0.45
4192,0.0
30059,0.02
17721,0.02
23781,0.17
29887,0.56
30400,0.19
17654,0.03
30963,0.09
14672,0.02
28007,0.0
6176,0.17
29088,0.87
1508,0.01
9667,0.06
20474,0.0
5683,0.0
16750,0.09
30705,0.05
7293,0.24
4280,0.81
20834,0.87
14401,0.36
31900,0.0
5895,0.02
12143,0.07
6631,0.17
15938,0.03
29154,0.72
3893,0.03
10551,0.18
5774,0.01
13367,0.0
2715,0.91
20151,0.57
7945,0.75
14541,0.73
24,0.31
28850,0.2
7936,0.07
24704,0.05
23596,0.91
24574,0.0
21049,0.5
10986,0.03
27802,0.05
19025,0.0
4130,0.04
5910,0.11
30033,0.02
26175,0.01
5385,0.0
9502,0.02
7978,0.02
30331,0.18
13230,0.07
17702,0.18
10167,0.54
23336,0.0
24877,0.36
22751,0.91
25518,0.01
19793,0.04
1423,0.96
9006,0.01
22831,0.49
15537,0.04
11787,0.02
31751,0.0
23788,0.0
18815,0.17
22927,0.4
10651,0.0
31161,0.48
4669,0.06
26669,0.01
16158,0.05
10434,0.09
16435,0.81
23816,0.0
18949,0.01
27541,0.1
20552,0.0
2072,0.95
4942,0.01
12982,0.0
6531,0.0
17,0.68
9782,0.19
21054,0.18
5136,0.0
9028,0.11
1102,0.0
4500,0.0
14993,0.0
17132,0.0
1317,0.15
25909,0.46
1537,0.98
9036,0.0
12101,0.0
6745,0.0
233,0.65
18398,0.03
8059,0.02
10358,0.04
18164,0.03
29226,0.04
22408,0.04
11360,0.07
10200,0.0
11439,0.25
17891,0.0
13384,0.0
1361,0.23
20543,0.0
6503,0.94
706,0.81
1979,0.97
7482,0.03
19471,0.0
19092,0.01
7221,0.7
3783,0.18
4586,0.18
19779,0.09
13463,0.42
9212,0.01
13218,0.68
6477,0.05
28737,0.0
25944,0.0
18782,0.01
27925,0.01
5860,0.24
31082,0.67
14193,0.27
24958,0.3
8418,0.0
4385,0.0
20096,0.06
646,0.81
19011,0.01
30336,0.12
21994,0.09
7395,0.6
18388,0.42
31041,0.02
2345,0.8
10650,0.0
6643,0.79
10069,0.03
21898,0.04
2249,0.77
16444,0.1
29679,0.01
9079,0.62
27382,0.01
2395,1.0
11430,0.0
3714,0.53
21419,0.05
12172,0.03
25223,0.02
19248,0.01
31275,0.98
12996,0.22
31642,0.04
14896,0.07
32019,0.03
15853,0.05
22330,0.12
13676,0.0
616,0.95
2980,0.31
2637,0.98
12060,0.05
29354,0.07
7652,0.01
475,0.98
24152,0.31
1350,0.55
25659,0.02
11132,0.84
9171,0.15
27684,0.32
19234,0.14
25714,0.09
21637,0.05
14496,0.06
30612,0.0
24667,0.0
27467,0.54
17992,0.35
2969,0.9
29418,0.84
19951,0.65
27110,0.03
14016,0.12
15211,0.0
9764,0.32
17543,0.48
28119,0.83
19498,0.26
4837,0.33
31861,0.34
7526,0.03
30242,0.0
5139,0.03
28325,0.29
28920,0.2
17970,0.0
19788,0.21
4619,0.01
13385,0.06
24349,0.64
22376,0.0
25416,0.14
11458,0.0
32418,0.06
9988,0.19
12444,0.02
26023,0.01
6280,0.51
11468,0.27
31167,0.38
1040,0.37
19412,0.0
28708,0.26
30372,0.0
19081,0.15
11380,0.24
12317,0.41
5305,0.25
22165,0.12
30922,0.16
19494,0.0
9287,0.46
13120,0.0
5624,0.13
9460,0.17
3648,0.18
9279,0.43
2925,0.23
15998,0.53
28835,0.0
2705,0.96
31686,0.0
11713,0.0
23273,0.01
21468,0.01
7235,0.0
18453,0.22
29233,0.74
32550,0.01
22821,0.32
23148,0.09
30879,0.22
3474,0.15
10585,0.82
3404,0.12
17526,0.0
10928,0.03
10920,0.01
16816,0.0
4341,0.18
26981,0.01
22518,0.59
19731,0.02
11421,0.46
30909,0.0
718,0.85
31202,0.34
10218,0.17
6636,0.03
24461,0.0
31846,0.32
15971,0.0
28968,0.24
10327,0.18
31616,0.55
31058,0.52
22184,0.0
28204,0.24
24044,0.65
6219,0.0
25733,0.0
4214,0.0
3214,0.49
2785,0.98
31478,0.0
24346,0.0
31634,0.82
12641,0.01
24140,0.01
16671,0.7108333333333334
22759,0.84
20396,0.0
22099,0.0
20405,0.0
3405,0.27
23390,0.02
7855,0.01
5987,0.0
10811,0.01
29279,0.02
24482,0.58
26428,0.38
10800,0.29
19872,0.0
15795,0.78
27315,0.69
26718,0.97
3210,0.4
21553,0.0
351,1.0
12577,0.01
24498,0.03
26970,0.78
13516,0.2
25129,0.27
329,0.03
5517,0.01
8523,0.51
28289,0.88
2850,0.9
18276,0.0
4735,0.02
8100,0.0
2936,0.2
20955,0.16
9955,0.06
14241,0.75
12293,0.0
6626,0.37
21981,0.02
26048,0.58
762,0.58
16684,0.25
10974,0.0
31076,0.0
12604,0.14
178,0.32
16692,0.0
15734,0.05
27010,0.73
31349,0.0
11834,0.29
2977,0.21
27097,0.0
26905,0.67
25025,0.0
10050,0.35
13447,0.32
10667,0.6
26743,0.0
1121,0.38
2255,0.9
19244,0.03
10354,0.0
13679,0.08
5936,0.49
7394,0.01
9286,0.33
22158,0.64
24442,0.1
11940,0.0
4968,0.0
11030,0.06
519,0.11
25364,0.02
18178,0.04
135,0.76
24870,0.03
29316,0.65
14085,0.47
19066,0.0
7615,0.0
5368,0.9
31788,0.0
22176,0.34
11291,0.02
13332,0.0
12741,0.13
12372,0.0
8473,0.02
15428,0.14
27537,0.0
18922,0.07
8421,0.0
7361,0.02
12160,0.0
7084,0.11
9094,0.81
349,0.84
17906,0.01
30236,0.22
24725,0.03
14806,0.04
11479,0.06
13949,0.04
1515,0.07
9937,0.63
5912,0.02
12631,0.0
9949,0.0
27440,0.0
22784,0.02
2599,0.98
25189,0.03
19444,0.0
30409,0.14
26603,0.27
29949,0.0
30148,0.0
31886,0.0
19870,0.0
15604,0.29
3094,0.54
8693,0.83
14750,0.3
15863,0.13
22146,0.0
3389,0.18
3383,0.5
15064,0.85
30761,0.01
8553,0.02
5911,0.06
3609,0.22
16879,0.78
22185,0.0
27888,0.09
19188,0.0
11436,0.49
9838,0.0
20921,0.02
24527,0.44
11285,0.0
26288,0.74
30671,0.76
28989,0.33
4246,0.2
14575,0.75
22572,0.2
13115,0.43
2782,0.94
19921,0.78
16867,0.01
31516,0.14
14096,0.0
24005,0.07
28202,0.0
8830,0.0
512,0.88
14386,0.02
2056,1.0
18044,0.24
19639,0.0
15279,0.43
21859,0.11
25027,0.1
23432,0.28
17070,0.2
16145,0.01
15927,0.01
22429,0.35
4919,0.09
26281,0.04
25672,0.04
4272,0.54
4297,0.27
3226,0.09
31882,0.02
25274,0.03
13807,0.03
22387,0.12
31712,0.72
29969,0.48
10615,0.96
31925,0.35
23630,0.89
869,0.96
15923,0.52
20361,0.79
22656,0.0
13748,0.01
8764,0.03
10892,0.0
21529,0.02
10689,0.0
3303,0.76
17690,0.0
175,0.4
11548,0.02
28283,0.51
8769,0.02
14028,0.0
28994,0.26
19874,0.0
2579,1.0
13416,0.25
19936,0.12
28662,0.0
25316,0.0
18237,0.05
9335,0.0
27753,0.22
12018,0.15
28664,0.05
30144,0.07
16270,0.58
4421,0.25
18392,0.79
30635,0.0
2461,0.84
19830,0.39
18999,0.26
18847,0.07
7288,0.0
4981,0.0
18592,0.5
163,0.23
2024,0.9
4076,0.02
22199,0.22
24384,0.38
22873,0.32
22255,0.01
7811,0.01
6409,0.42
1884,0.94
3327,0.29
9839,0.33
4855,0.0
9763,0.22
11006,0.01
19589,0.0
26017,0.36
8034,0.07
5770,0.21
4844,0.06
4470,0.0
30278,0.11
30202,0.23
26278,0.0
30030,0.09
23548,0.41
25597,0.0
10745,0.0
17843,0.62
3734,0.6
29009,0.01
6097,0.09
30932,0.02
9395,0.82
12828,0.62
9748,0.07
12958,0.0
4386,0.53
10818,0.03
10288,0.06
25633,0.0
5220,0.0
5898,0.13
5881,0.01
18262,0.25
24408,0.0
31923,0.42
5816,0.07
8056,0.27
3266,0.18
31967,0.92
24109,0.95
5077,0.03
13215,0.1
574,0.75
31608,0.27
24910,0.0
11139,0.0
27227,0.03
14671,0.01
11648,0.47
13836,0.06
14944,0.31
3338,0.2
2001,0.99
29950,0.01
7885,0.01
25592,0.06
9384,0.0
23272,0.04
22392,0.02
20188,0.19
83,0.41
18672,0.0
27009,0.0
5669,0.87
21639,0.52
7115,0.16
11806,0.02
9664,0.35
6196,0.47
9334,0.01
32099,0.09
27486,0.29
30924,0.05
23887,0.12
7086,0.0
24887,0.0
11888,0.0
30638,0.5
2306,0.85
2176,0.76
32067,0.38
11251,0.0
21607,0.54
19252,0.0
21092,0.0
32340,0.0
23508,0.01
3177,0.12
20982,0.01
16140,0.0
18909,0.42
2553,1.0
15646,0.0
1219,0.03
31745,0.03
27407,0.17
9096,0.67
4756,0.03
5939,0.01
7195,0.71
19680,0.05
7067,0.0
2429,0.9
22400,0.76
5629,0.12
5658,0.59
1050,0.41
12699,0.38
10538,0.1
8228,0.08
16811,0.0
5688,0.32
21360,0.03
22691,0.88
3289,0.52
10220,0.01
1835,0.94
15152,0.58
29409,0.01
8835,0.0
10387,0.71
5558,0.01
14375,0.52
29096,0.37
27884,0.0
23545,0.41
17930,0.15
27578,0.0
31821,0.01
17777,0.97
2271,0.72
16698,0.22
10806,0.0
13043,0.0
5133,0.12
9504,0.04
22436,0.0
537,1.0
7250,0.56
7034,0.09
12422,0.01
24218,0.51
30673,0.19
2149,0.74
3447,0.05
32350,0.97
21757,0.32
21571,0.2
21099,0.68
12117,0.61
16054,0.84
17256,0.58
18902,0.02
30453,0.48
10034,0.07
26534,0.13
32173,0.0
4581,0.07
27567,0.0
12986,0.0
17457,0.38
14598,0.19
18759,0.05
18994,0.0
26547,0.0
2418,0.93
2906,0.98
18033,0.01
13037,0.44
13841,0.59
15637,0.92
21060,0.03
18686,0.03
16941,0.37
13617,0.0
7528,0.4
6748,0.44
15127,0.03
13498,0.0
8776,0.0
23220,0.0
2281,0.73
18063,0.0
9223,0.51
32180,0.0
16807,0.43
7506,0.62
8318,0.0
18218,0.25
5317,0.4
28506,0.0
213,0.13
18107,0.28
11861,0.62
9097,0.0
21592,0.11
32543,0.0
22832,0.54
23525,0.0
27195,0.06
6592,0.01
27346,0.55
2556,0.94
26203,0.0
2875,0.98
21668,0.0
2178,0.5
6261,0.31
24618,0.0
17444,0.17
30197,0.01
24397,0.11
26218,0.01
10165,0.48
13106,0.16
7497,0.05
29298,0.18
12292,0.18
23410,1.0
21172,0.91
30646,0.1
24907,0.17
22720,0.02
3630,0.61
32287,0.0
2813,0.91
13943,0.08
19267,0.45
31403,0.11
30634,0.22
25624,0.23
12031,0.0
11451,0.0
5405,0.56
30766,0.13
24860,0.0
25773,0.95
8902,0.26
22607,0.17
16615,0.18
21796,0.0
6861,0.0
638,0.58
6271,0.0
3922,0.4
8946,0.0
6204,0.4
11260,0.74
17913,0.0
26481,0.03
13659,0.31
14513,0.0
30944,0.0
28761,0.06
28614,0.05
13264,0.76
10899,0.0
26935,0.0
4775,0.03
15102,0.05
7511,0.01
7366,0.01
1374,0.04
24334,0.0
1943,0.85
20537,0.32
14981,0.0
28534,0.47
4998,0.24
31031,0.06
5808,0.0
13793,0.12
2194,0.71
15785,0.95
11760,0.47
17657,0.92
4304,0.11
25852,0.0
28156,0.28
6064,0.11
16758,0.16
6965,0.39
274,0.32
8325,0.02
17873,0.14
17672,0.34
12644,0.0
30194,0.55
14923,0.0
22642,0.67
10605,0.8
8528,0.38
29375,0.34
29653,0.11
13912,0.08
6985,0.69
23898,0.04
21746,0.13
32063,0.14
4075,0.0
10061,0.0
22044,0.48
24453,0.89
6762,0.0
30384,0.81
22664,0.24
22081,0.03
30997,0.6
19715,0.01
22030,0.05
21897,0.0
6684,0.5
21450,0.06
14640,0.92
25233,0.07
5031,0.01
19706,0.0
8184,0.03
23491,0.09
22729,0.87
2647,0.86
1655,0.65
2500,0.89
20409,0.2
10206,0.0
15985,0.0
28703,0.08
19072,0.29
20689,0.75
19539,0.09
30266,0.76
10666,0.44
23185,0.0
6205,0.0
10412,0.48
16796,0.03
24859,0.04
8491,0.04
14759,0.91
21990,0.06
20375,0.02
3087,0.78
2549,0.95
5151,0.03
9905,0.43
8893,0.0
6620,0.0
838,0.95
19913,0.02
20280,0.27
13749,0.2
16093,0.56
29365,0.01
30074,0.09
6829,0.06
31864,0.0
14789,0.18
28663,0.01
16829,0.0
31620,0.07
19457,0.0
15471,0.01
13208,0.73
8631,0.0
25169,0.13
12894,0.48
2009,0.99
17538,0.06
19711,0.3
25989,0.19
763,0.98
1301,0.05
19175,0.0
9324,0.02
5559,0.0
28386,0.34
24415,0.0
5751,0.02
16973,0.04
19370,0.0
8972,0.19
26325,0.17
12713,0.11
26482,0.17
5643,0.61
12506,0.01
27160,0.0
1632,0.9
17019,0.76
4830,0.0
29603,0.14
21412,0.16
5043,0.04
2223,0.73
1534,0.98
16554,0.01
3242,0.03
27751,0.82
25064,0.0
16765,0.0
4743,0.0
24529,0.0
9244,0.03
25880,0.0
709,0.78
1849,0.87
13890,0.12
7557,0.09
10085,0.1
24694,0.6
3111,0.15
30691,0.24
30693,0.38
10319,0.0
21963,0.1
24337,0.15
1530,0.94
23521,0.17
31357,0.0
24571,0.23
21809,0.02
13212,0.65
22309,0.08
9656,0.02
21597,0.0
10556,0.7
2018,0.94
8494,0.04
9865,0.6
13277,0.05
30817,0.22
26569,0.0
12016,0.56
2246,0.8
5398,0.01
16429,0.0
5467,0.01
15576,0.0
3058,0.9
14356,0.0
19337,0.09
32559,0.01
7141,0.11
8351,0.64
8616,0.06
7494,0.09
27469,0.0
12618,0.36
20726,0.21
20402,0.06
18476,0.01
25358,0.04
2802,0.95
17047,0.01
32438,0.95
18436,0.04
19718,0.03
1839,0.99
5388,0.0
30116,0.01
17738,0.25
29858,0.01
21066,0.0
31934,0.0
27279,0.0
1087,0.0
648,0.81
14620,0.29
6392,0.05
5122,0.3
4360,0.01
5690,0.05
17973,0.0
2184,0.71
8697,0.21
19012,0.25
14316,0.0
28714,0.17
24578,0.02
23894,0.03
6227,0.01
19922,0.0
7321,0.01
17724,0.53
16008,0.87
16844,0.71
31332,0.98
31068,0.45
7710,0.0
977,0.62
26750,0.09
24918,0.57
5462,0.64
2094,1.0
5316,0.0
5088,0.14
6374,0.17
20609,0.21
28430,0.01
2034,0.96
20991,0.39
24542,0.01
27461,0.07
32368,0.0
11979,0.4
3359,0.4
461,0.83
31949,0.0
29458,0.0
7363,0.6
5123,0.33
4983,0.25
21295,0.01
29649,0.05
26211,0.5
17883,0.62
17209,0.0
143,0.37
1242,0.0
7155,0.22
16626,0.0
6790,0.0
9399,0.07
757,0.96
28453,0.0
28960,0.05
21162,0.0
30796,0.48
28433,0.0
18458,0.42
19927,0.06
22298,0.24
25692,0.02
25889,0.05
22237,0.57
10040,0.34
25856,0.0
26684,0.0
21466,0.01
28770,0.0
18067,0.36
19792,0.0
9657,0.16
21983,0.58
12648,0.23
21136,0.27
16595,0.31
28221,0.23
31494,0.0
28813,0.28
19447,0.0
6040,0.77
10364,0.78
30921,0.0
9553,0.04
6445,0.0
31841,0.68
6893,0.85
27932,0.0
27384,0.4
4126,0.02
27735,0.0
8843,0.0
24199,0.0
20262,0.0
9715,0.05
18895,0.0
17129,0.13
16742,0.0
29888,0.09
2869,0.97
4211,0.0
28998,0.51
1175,0.19
21804,0.03
17183,0.03
2282,0.74
24516,0.0
13699,0.43
7966,0.89
8863,0.38
16776,0.0
24419,0.01
31014,0.81
2208,0.88
18290,0.0
3444,0.38
3148,0.23
25363,0.02
20400,0.19
17458,0.77
11708,0.0
26527,0.81
6299,0.0
31999,0.12
1966,0.72
3164,0.33
26670,0.0
29462,0.19
11653,0.0
29273,0.0
12771,0.5
32467,0.69
12419,0.04
8522,0.48
32201,0.02
19632,0.16
28033,0.78
10565,0.06
10475,0.86
7323,0.69
22839,0.09
20740,0.03
31648,0.04
31128,0.19
9611,0.43
2359,0.48
18347,0.0
13317,0.02
17221,0.04
11092,0.09
25442,0.0
23260,0.0
15681,0.0
9601,0.59
9134,0.63
26755,0.46
3426,0.4
5652,0.0
32141,0.11
9272,0.07
27242,0.15
23619,0.5
16156,0.36
20575,0.04
16634,0.0
772,0.68
30532,0.43
28037,0.01
31674,0.05
31344,0.01
29841,0.26
20346,0.62
1360,0.19
21285,0.01
14766,0.0
27625,0.04
18173,0.32
22978,0.0
25916,0.04
29665,0.03
10289,0.56
27624,0.53
21226,0.22
16956,0.38
4453,0.0
2905,0.77
17729,0.02
7834,0.19
28074,0.0
17259,0.02
29977,0.0
28498,0.41
909,0.08
14646,0.03
2020,1.0
32042,0.9
2699,0.93
13062,0.03
4323,0.0
20787,0.0
32098,0.74
21686,0.0
12290,0.03
31678,0.2
9974,0.0
24556,0.0
16509,0.0
6916,0.98
3453,0.22
25156,0.02
7440,0.02
1436,0.21
8073,0.45
15560,0.08
25969,0.0
10673,0.01
22576,0.29
11185,0.65
6536,0.46
12235,0.0
27774,0.01
14206,0.0
32171,0.28
9135,0.09
20746,0.07
11100,0.28
3654,0.35
20148,0.18
14413,0.88
6567,0.0
23822,0.18
23651,0.29
12969,0.0
9122,0.81
18180,0.03
3301,0.44
20293,0.0
29948,0.06
11791,0.0
6641,0.02
22269,0.0
24264,0.0
19530,0.2
15720,0.03
22141,0.16
9783,0.15
7209,0.34
23726,0.03
29180,0.0
25382,0.04
18836,0.65
31192,0.14
7418,0.34
3248,0.1
19207,0.41
1462,0.05
1075,0.05
28,0.49
22551,0.7266666666666666
1473,0.3
30043,0.02
13501,0.01
3972,0.06
18612,0.14
14164,0.78
30806,0.0
24763,0.31
24240,0.14
28906,0.0
3124,0.7
15753,0.01
19486,0.0
23704,0.0
28316,0.0
31782,0.03
29660,0.0
27483,0.0
20256,0.75
5487,0.0
3765,0.0
17597,0.0
16482,0.07
16020,0.0
295,0.24
25462,0.09
17901,0.04
11174,0.0
3950,0.02
28184,0.0
7062,0.05
9265,0.0
28758,0.52
15338,0.01
11724,0.0
2614,0.93
16304,0.59
19407,0.48
3040,0.72
25601,0.21
11102,0.06
13470,0.52
24202,0.0
270,0.21
17900,0.0
16756,0.0
31103,0.0
30758,0.0
28043,0.07
13008,0.04
18186,0.28
29361,0.41
24834,0.17
14054,0.13
416,0.99
24247,0.36
6460,0.02
13957,0.06
27805,0.59
23146,0.64
24876,0.0
20083,0.02
28572,0.22
11632,0.0
17749,0.52
11465,0.0
17622,0.23
18008,0.08
8586,0.33
6558,0.54
29467,0.02
32167,0.57
24360,0.04
16674,0.65
1480,0.04
24231,0.05
12795,0.0
18206,0.0
30953,0.03
3218,0.04
20564,0.76
15979,0.0
13790,0.02
17157,0.14
32515,0.35
29897,0.17
16558,0.01
31852,0.1
25593,0.0
15586,0.54
88,1.0
23761,0.9
21870,0.01
7633,0.0
6489,0.26
922,0.12
14453,0.07
13999,0.04
6887,0.0
28170,0.04
14692,0.14
20539,0.0
29850,0.3
31156,0.0
1276,0.54
26262,0.76
27680,0.56
30880,0.0
2748,0.96
28056,0.03
11532,0.6
6421,0.02
24669,0.0
4670,0.01
16916,0.0
17119,0.03
13080,0.03
3193,0.44
30886,0.01
30097,0.0
28964,0.02
10577,0.0
31257,0.0
10221,0.94
31709,0.35
24983,0.02
23001,0.12
11354,0.07
20587,0.14
31931,0.13
14264,0.14
29416,0.69
19475,0.06
7713,0.15
3478,0.72
10052,0.18
12020,0.12
11492,0.03
20596,0.02
959,0.86
14448,0.43
23736,0.0
32047,0.0
25990,0.08
27507,0.54
9065,0.42
2195,0.76
26919,0.19
15227,0.0
24206,0.48
275,0.19
6030,0.0
32207,0.45
14351,0.29
26934,0.82
18600,0.15
8074,0.28
2082,1.0
16759,0.0
19241,0.1
25155,0.0
13688,0.05
2148,0.88
28552,0.55
24021,0.6
13199,0.73
15424,0.03
17911,0.07
3166,0.44
1899,0.9
9721,0.14
31916,0.47
31336,0.35
14940,0.0
9516,0.22
30481,0.03
479,0.65
23028,0.92
32135,0.2
18231,0.0
8696,0.0
11967,0.44
6533,0.02
9859,0.26
29150,0.0
23250,0.43
1389,0.36
12750,0.29
15961,0.0
23755,0.02
9853,0.91
17469,0.29
11155,0.02
4475,0.8
16685,0.01
6303,0.01
30138,0.86
8703,0.99
16782,0.0
9925,0.24
22697,0.03
13241,0.0
17014,0.63
26371,0.1
16268,0.12
29250,0.77
3495,0.24
4179,0.0
19704,0.08
15415,0.0
29942,0.53
6593,0.08
13343,0.01
8046,0.0
14069,0.0
3118,0.35
29397,0.08
12904,0.28
19811,0.17
22877,0.38
7186,0.01
6278,0.37
32118,0.81
19719,0.92
32162,0.0
12071,0.0
31946,0.0
305,0.04
27322,0.73
27809,0.03
31351,0.01
18791,0.0
28449,0.05
27748,0.12
17683,0.1
21693,0.0
10839,0.98
21962,0.52
9881,0.0
18151,0.01
25915,0.02
21540,0.12
25267,0.0
12216,0.09
4960,0.08
2882,0.98
22060,0.62
25084,0.5
6952,0.41
15509,0.0
14202,0.27
10550,0.0
27306,0.56
11236,0.16
2920,0.46
27553,0.0
25607,0.39
12356,0.03
13810,0.0
18773,0.0
25644,0.0
24810,0.0
2521,0.86
28625,0.0
593,0.86
19216,0.0
2807,0.81
9922,0.02
29638,0.25
12607,0.9
13270,0.23
17986,0.23
7817,0.04
24659,0.93
8925,0.13
9150,0.24
3070,0.84
10193,0.26
26352,0.01
17438,0.0
20589,0.07
5668,0.23
27652,0.14
14735,0.01
4426,0.03
